relative_path	type	size_bytes	sha256_or_link	classification	evidence	fix_branch	archive_branch	fix_ignore_allowed
Testing/Temporary/CTestCostData.txt	ASCII text 	4	f52d711103d50a437830c6fbcd04fb4bab49a0f82f6d26d1c791c6e8488dd090	G	CTest临时状态或日志；不参与运行	no	yes	yes
Testing/Temporary/LastTest.log	ASCII text 	121	08ac05b4287a9ec1b4cc884e3e32227464cc0e0ffe945e619482ffdb9bfae4a3	G	CTest临时状态或日志；不参与运行	no	yes	yes
artifacts/field_validation/stage10_second_blind_20260803_185838/blind_result.json	JSON data 	555	4bb8316a7cd243e6396b4b3c77c21bc00dd4d7a2d719f8b9bc7c54653bc02d72	E	现场验证图片或JSON结果；无tracked固定路径引用	no	yes	yes
artifacts/field_validation/stage10_second_blind_20260803_185838/blind_test_screenshot.png	PNG image data, 960 x 540, 8-bit/color RGB, non-interlaced 	584438	eb1479bb5b3e3d73c9d6cf57fb6a206af272fb4f7ef43b4e9c9679fc8970b648	E	现场验证图片或JSON结果；无tracked固定路径引用	no	yes	yes
artifacts/field_validation/stage10_second_blind_20260803_185838/bridge.log	ASCII text 	426	457aeced4aa734fd7ae6395d6af29d4aac76634d4788aee2ba72606619418c14	G	现场验证运行日志；无tracked固定路径引用	no	yes	yes
artifacts/field_validation/stage10_second_blind_20260803_185838/detector.log	ASCII text 	267	f6f647c86b77e3345aad0053a423f4a466e5e1a616f8c094f2d9a76edebcfada	G	现场验证运行日志；无tracked固定路径引用	no	yes	yes
artifacts/field_validation/stage5_place_1_20260803_183751/capture_calibrated_report.json	JSON data 	18311	9fb22d33df267d3943268338866c7c6c38589405e33ccf9c645333760583ee67	E	现场验证图片或JSON结果；无tracked固定路径引用	no	yes	yes
artifacts/field_validation/stage5_place_1_20260803_183751/metadata.json	JSON data 	22027	2673f93d20ed833b5ae6b00d276b7ea92b0cedccfe276067a43ec2e1e8618a06	E	现场验证图片或JSON结果；无tracked固定路径引用	no	yes	yes
artifacts/field_validation/stage5_place_1_20260803_183751/normalized_mask/place_1_001.png	PNG image data, 128 x 128, 8-bit grayscale, non-interlaced 	968	46a590eb98d4c4b565713685c11ff2f0be0536b061e827d94ad584c6e96a18d9	E	现场验证图片或JSON结果；无tracked固定路径引用	no	yes	yes
artifacts/field_validation/stage5_place_1_20260803_183751/normalized_mask/place_1_002.png	PNG image data, 128 x 128, 8-bit grayscale, non-interlaced 	968	ba693cc8b49aff066ce35a3c6e4707b20833f1a00aa2d54336ec35bb902fa9af	E	现场验证图片或JSON结果；无tracked固定路径引用	no	yes	yes
artifacts/field_validation/stage5_place_1_20260803_183751/normalized_mask/place_1_003.png	PNG image data, 128 x 128, 8-bit grayscale, non-interlaced 	968	346c81063e5f2aeff9c84396123816576c3cb5c001f98d31a2cf0ffab3731151	E	现场验证图片或JSON结果；无tracked固定路径引用	no	yes	yes
artifacts/field_validation/stage5_place_1_20260803_183751/normalized_mask/place_1_004.png	PNG image data, 128 x 128, 8-bit grayscale, non-interlaced 	968	0ec8d0b41ec920a6b88d653fea425854f57311775c1eb85da963fe2f946475d6	E	现场验证图片或JSON结果；无tracked固定路径引用	no	yes	yes
artifacts/field_validation/stage5_place_1_20260803_183751/normalized_mask/place_1_005.png	PNG image data, 128 x 128, 8-bit grayscale, non-interlaced 	968	272624fb99d4e9b0740739164c254546ae2d550be7beef587b1aaa79a28a2ae0	E	现场验证图片或JSON结果；无tracked固定路径引用	no	yes	yes
artifacts/field_validation/stage5_place_1_20260803_183751/normalized_mask/place_1_006.png	PNG image data, 128 x 128, 8-bit grayscale, non-interlaced 	967	56abd87c30c4a9f3787494e69be3d3c14731dc84072239e9996e107d3d71cb78	E	现场验证图片或JSON结果；无tracked固定路径引用	no	yes	yes
artifacts/field_validation/stage5_place_1_20260803_183751/normalized_mask/place_1_007.png	PNG image data, 128 x 128, 8-bit grayscale, non-interlaced 	968	049ed723787efc505b7f0a348bc6ee2fe200bff945c7aa81378fdb91713a78fa	E	现场验证图片或JSON结果；无tracked固定路径引用	no	yes	yes
artifacts/field_validation/stage5_place_1_20260803_183751/normalized_mask/place_1_008.png	PNG image data, 128 x 128, 8-bit grayscale, non-interlaced 	967	b280d1f4df5a6c84070ecc67ecaeb4b75e4fce6ae1ba90fbc4e5e381209ca605	E	现场验证图片或JSON结果；无tracked固定路径引用	no	yes	yes
artifacts/field_validation/stage5_place_1_20260803_183751/normalized_mask/place_1_009.png	PNG image data, 128 x 128, 8-bit grayscale, non-interlaced 	968	063380887ada86a8315ab37d6fadecb9a0e8adf72a273e7130a4c34f989a31a3	E	现场验证图片或JSON结果；无tracked固定路径引用	no	yes	yes
artifacts/field_validation/stage5_place_1_20260803_183751/normalized_mask/place_1_010.png	PNG image data, 128 x 128, 8-bit grayscale, non-interlaced 	968	e9ea51306ce1949ab3163eea795864020bd156da6ddcd615169194e8ec9c404c	E	现场验证图片或JSON结果；无tracked固定路径引用	no	yes	yes
artifacts/field_validation/stage5_place_1_20260803_183751/normalized_mask/place_1_011.png	PNG image data, 128 x 128, 8-bit grayscale, non-interlaced 	968	fa4f3694bee92d68ec9af80ad53407f94cce17100b3c57524df0332bc0892199	E	现场验证图片或JSON结果；无tracked固定路径引用	no	yes	yes
artifacts/field_validation/stage5_place_1_20260803_183751/normalized_mask/place_1_012.png	PNG image data, 128 x 128, 8-bit grayscale, non-interlaced 	967	bfc0862d543d16d25fd3e6337a1cc8dc651ebd72de69acb9425eeacd2f3101d6	E	现场验证图片或JSON结果；无tracked固定路径引用	no	yes	yes
artifacts/field_validation/stage5_place_1_20260803_183751/normalized_mask/place_1_013.png	PNG image data, 128 x 128, 8-bit grayscale, non-interlaced 	967	27aa8f87d8a165a241e4e23f86ba464ac996f59cddde660cdb125af2344bd96d	E	现场验证图片或JSON结果；无tracked固定路径引用	no	yes	yes
artifacts/field_validation/stage5_place_1_20260803_183751/normalized_mask/place_1_014.png	PNG image data, 128 x 128, 8-bit grayscale, non-interlaced 	968	8f9039ba64cafb7a4087376c3a8de588402d5b9bf43ab55ebb1e1149c66fe63d	E	现场验证图片或JSON结果；无tracked固定路径引用	no	yes	yes
artifacts/field_validation/stage5_place_1_20260803_183751/normalized_mask/place_1_015.png	PNG image data, 128 x 128, 8-bit grayscale, non-interlaced 	969	423b5297c21768ee89926cea4e20a70434f4545c3b8810cd4153caf079fa6e12	E	现场验证图片或JSON结果；无tracked固定路径引用	no	yes	yes
artifacts/field_validation/stage5_place_1_20260803_183751/normalized_mask/place_1_016.png	PNG image data, 128 x 128, 8-bit grayscale, non-interlaced 	968	0445bb34e583ab4c840b38df66ec7380aab9b905284ad2946746ad6069eb134f	E	现场验证图片或JSON结果；无tracked固定路径引用	no	yes	yes
artifacts/field_validation/stage5_place_1_20260803_183751/normalized_mask/place_1_017.png	PNG image data, 128 x 128, 8-bit grayscale, non-interlaced 	968	2ee1febf6035ea63b3a9390919bed78776a3e3aafdf38afdedad9c4faa9702c6	E	现场验证图片或JSON结果；无tracked固定路径引用	no	yes	yes
artifacts/field_validation/stage5_place_1_20260803_183751/normalized_mask/place_1_018.png	PNG image data, 128 x 128, 8-bit grayscale, non-interlaced 	968	8434b069c3f291556003aac482552b19b250d61e6ea2ec950bb15037309a50ca	E	现场验证图片或JSON结果；无tracked固定路径引用	no	yes	yes
artifacts/field_validation/stage5_place_1_20260803_183751/normalized_mask/place_1_019.png	PNG image data, 128 x 128, 8-bit grayscale, non-interlaced 	968	774e25552a7dfbd0dba238ca65cf6dae0342b0be9bf554d1dcf9bfc2b681a921	E	现场验证图片或JSON结果；无tracked固定路径引用	no	yes	yes
artifacts/field_validation/stage5_place_1_20260803_183751/normalized_mask/place_1_020.png	PNG image data, 128 x 128, 8-bit grayscale, non-interlaced 	968	6f5d129cc6b5d64f9c89b0fbce73a9b81806d829b52a5282e68c86f3205ab1d2	E	现场验证图片或JSON结果；无tracked固定路径引用	no	yes	yes
artifacts/field_validation/stage5_place_1_20260803_183751/normalized_mask/place_1_021.png	PNG image data, 128 x 128, 8-bit grayscale, non-interlaced 	968	0112b9044e645845610861a0501feb7d8a8ddcc5814062ad942816d5cad94490	E	现场验证图片或JSON结果；无tracked固定路径引用	no	yes	yes
artifacts/field_validation/stage5_place_1_20260803_183751/normalized_mask/place_1_022.png	PNG image data, 128 x 128, 8-bit grayscale, non-interlaced 	968	7d3236386de329648f442edd0b6f0fba89497539b7e8218ebaee391e086486b6	E	现场验证图片或JSON结果；无tracked固定路径引用	no	yes	yes
artifacts/field_validation/stage5_place_1_20260803_183751/normalized_mask/place_1_023.png	PNG image data, 128 x 128, 8-bit grayscale, non-interlaced 	968	9383ada2ca3696b8aa2696d5c34327924924a7a37b7ef1951eac5b87638904a9	E	现场验证图片或JSON结果；无tracked固定路径引用	no	yes	yes
artifacts/field_validation/stage5_place_1_20260803_183751/normalized_mask/place_1_024.png	PNG image data, 128 x 128, 8-bit grayscale, non-interlaced 	968	741cb339a2e205c84b74905f394e12e2c87f6d9ee9bc1ef002c00c8cd6c61a78	E	现场验证图片或JSON结果；无tracked固定路径引用	no	yes	yes
artifacts/field_validation/stage5_place_1_20260803_183751/normalized_mask/place_1_025.png	PNG image data, 128 x 128, 8-bit grayscale, non-interlaced 	968	05cbb411c8b7135d18ceef90d011d69bc9ccbbb269b42a4deb14ab2f6cabd44c	E	现场验证图片或JSON结果；无tracked固定路径引用	no	yes	yes
artifacts/field_validation/stage5_place_1_20260803_183751/normalized_mask/place_1_026.png	PNG image data, 128 x 128, 8-bit grayscale, non-interlaced 	968	b2f3e7de93f9b62b29c91aee8b5cfd42ec140bf50bdaaccb1937d5f94a3e73c6	E	现场验证图片或JSON结果；无tracked固定路径引用	no	yes	yes
artifacts/field_validation/stage5_place_1_20260803_183751/normalized_mask/place_1_027.png	PNG image data, 128 x 128, 8-bit grayscale, non-interlaced 	967	49cc6964b9c07efcc4f3bb7def08a1fb30c6393189bc39990301d8ca29bb062e	E	现场验证图片或JSON结果；无tracked固定路径引用	no	yes	yes
artifacts/field_validation/stage5_place_1_20260803_183751/normalized_mask/place_1_028.png	PNG image data, 128 x 128, 8-bit grayscale, non-interlaced 	968	1e4d5a1c4d4a3a3a74ea2abe726f607b06eb5ad5be22bf4b7e781cb64cdbba78	E	现场验证图片或JSON结果；无tracked固定路径引用	no	yes	yes
artifacts/field_validation/stage5_place_1_20260803_183751/normalized_mask/place_1_029.png	PNG image data, 128 x 128, 8-bit grayscale, non-interlaced 	968	0c56aaadbb8308ed5c53046445e76b81c03d3dc73a248956b1fe076682f75771	E	现场验证图片或JSON结果；无tracked固定路径引用	no	yes	yes
artifacts/field_validation/stage5_place_1_20260803_183751/normalized_mask/place_1_030.png	PNG image data, 128 x 128, 8-bit grayscale, non-interlaced 	968	0809d6f1110cff71d83ebaece1d16e7a32b90230d0e5baa817bb4d989bea1225	E	现场验证图片或JSON结果；无tracked固定路径引用	no	yes	yes
artifacts/field_validation/stage5_place_1_20260803_183751/normalized_mask/place_1_031.png	PNG image data, 128 x 128, 8-bit grayscale, non-interlaced 	968	c1c67cb3d6f6c76214f9250af409da249414d966455167b09a02b8fea7d41b72	E	现场验证图片或JSON结果；无tracked固定路径引用	no	yes	yes
artifacts/field_validation/stage5_place_1_20260803_183751/normalized_mask/place_1_032.png	PNG image data, 128 x 128, 8-bit grayscale, non-interlaced 	967	56df88ed9ae1b2ef429fe48345edcb9fc9b4d6a00dfc2b3d28fcde1c6ab878c0	E	现场验证图片或JSON结果；无tracked固定路径引用	no	yes	yes
artifacts/field_validation/stage5_place_1_20260803_183751/normalized_mask/place_1_033.png	PNG image data, 128 x 128, 8-bit grayscale, non-interlaced 	968	4a77d2fe961bead7aa9fb60c91860fe7e6dfcecea3a909900f426cff11490a03	E	现场验证图片或JSON结果；无tracked固定路径引用	no	yes	yes
artifacts/field_validation/stage5_place_1_20260803_183751/normalized_mask/place_1_034.png	PNG image data, 128 x 128, 8-bit grayscale, non-interlaced 	968	8d31632c02f00dd7294063fbd1ac506f9e6eea0db00934f9b7fc6bee8c6a047f	E	现场验证图片或JSON结果；无tracked固定路径引用	no	yes	yes
artifacts/field_validation/stage5_place_1_20260803_183751/normalized_mask/place_1_035.png	PNG image data, 128 x 128, 8-bit grayscale, non-interlaced 	967	9d83fed11ef234989af04ff9f2d6e97e1aaa20415c11ac0d3f3243f5e870f89c	E	现场验证图片或JSON结果；无tracked固定路径引用	no	yes	yes
artifacts/field_validation/stage5_place_1_20260803_183751/normalized_mask/place_1_036.png	PNG image data, 128 x 128, 8-bit grayscale, non-interlaced 	968	430464ff012b9f2dce7ce78c0a347d317af81cb60069fe0b0846bed6d9bc0a53	E	现场验证图片或JSON结果；无tracked固定路径引用	no	yes	yes
artifacts/field_validation/stage5_place_1_20260803_183751/normalized_mask/place_1_037.png	PNG image data, 128 x 128, 8-bit grayscale, non-interlaced 	968	41ba3bc903e2e367acb0b7633ea6ce745acd8987e2e8bee5880a33fb54b9f821	E	现场验证图片或JSON结果；无tracked固定路径引用	no	yes	yes
artifacts/field_validation/stage5_place_1_20260803_183751/normalized_mask/place_1_038.png	PNG image data, 128 x 128, 8-bit grayscale, non-interlaced 	968	fcfb3f1733f345813843005184e62b96933ed357ef53605f8a0cd8187cb76a5e	E	现场验证图片或JSON结果；无tracked固定路径引用	no	yes	yes
artifacts/field_validation/stage5_place_1_20260803_183751/normalized_mask/place_1_039.png	PNG image data, 128 x 128, 8-bit grayscale, non-interlaced 	968	26d86fd908976975b7e93586d12b24f5c356279aa1e496ec76a9b13adb161da6	E	现场验证图片或JSON结果；无tracked固定路径引用	no	yes	yes
artifacts/field_validation/stage5_place_1_20260803_183751/normalized_mask/place_1_040.png	PNG image data, 128 x 128, 8-bit grayscale, non-interlaced 	967	0c1d3d591aa5263c026a18bb47f6eced240c69eaa594f75381b37587967e1424	E	现场验证图片或JSON结果；无tracked固定路径引用	no	yes	yes
artifacts/field_validation/stage5_place_1_20260803_183751/offline_regression.json	JSON data 	9540	57db360aa8c8aa5a865ef313bc64f5e61e730be11262b6b43ef219324e7889cd	E	现场验证图片或JSON结果；无tracked固定路径引用	no	yes	yes
artifacts/field_validation/stage5_place_1_20260803_183751/original/place_1_001.png	PNG image data, 960 x 540, 8-bit/color RGB, non-interlaced 	587270	ae8cac4aa7bc478ffb4ce90239e7f8d69ec35a8f1e5a42b8039d5246acf636f0	E	现场验证图片或JSON结果；无tracked固定路径引用	no	yes	yes
artifacts/field_validation/stage5_place_1_20260803_183751/original/place_1_002.png	PNG image data, 960 x 540, 8-bit/color RGB, non-interlaced 	585543	4d65ffb477f9436a531fcaff45151ea3f942f37202fbf5d9a543c4e53cea30d6	E	现场验证图片或JSON结果；无tracked固定路径引用	no	yes	yes
artifacts/field_validation/stage5_place_1_20260803_183751/original/place_1_003.png	PNG image data, 960 x 540, 8-bit/color RGB, non-interlaced 	585849	f283ab29a146996f644448dc0eb50be5677a1396c75b9c9844af57a5e1e74f7d	E	现场验证图片或JSON结果；无tracked固定路径引用	no	yes	yes
artifacts/field_validation/stage5_place_1_20260803_183751/original/place_1_004.png	PNG image data, 960 x 540, 8-bit/color RGB, non-interlaced 	586434	0646abd400dbbd5759dcb6fc65e7aa39005cb703e532b0ee3e5533f8cfafb035	E	现场验证图片或JSON结果；无tracked固定路径引用	no	yes	yes
artifacts/field_validation/stage5_place_1_20260803_183751/original/place_1_005.png	PNG image data, 960 x 540, 8-bit/color RGB, non-interlaced 	586886	bc36c6b3a93dd3888c61f9435d37f0e8a7368be0b80aa2a6038e10f5aca19c8e	E	现场验证图片或JSON结果；无tracked固定路径引用	no	yes	yes
artifacts/field_validation/stage5_place_1_20260803_183751/original/place_1_006.png	PNG image data, 960 x 540, 8-bit/color RGB, non-interlaced 	586264	0aaf3678926a61e0869f71d25f985e53fbdd47006dc622bd5c1e1cf498c52b59	E	现场验证图片或JSON结果；无tracked固定路径引用	no	yes	yes
artifacts/field_validation/stage5_place_1_20260803_183751/original/place_1_007.png	PNG image data, 960 x 540, 8-bit/color RGB, non-interlaced 	586398	f8cf547d83d25034f46135ae0a0d0288e443c332ca3a985f0c42c4f9237715f6	E	现场验证图片或JSON结果；无tracked固定路径引用	no	yes	yes
artifacts/field_validation/stage5_place_1_20260803_183751/original/place_1_008.png	PNG image data, 960 x 540, 8-bit/color RGB, non-interlaced 	586600	c4020a844fb3003536adfef44f281b986cdd36b77759c80f3334f13e03187d94	E	现场验证图片或JSON结果；无tracked固定路径引用	no	yes	yes
artifacts/field_validation/stage5_place_1_20260803_183751/original/place_1_009.png	PNG image data, 960 x 540, 8-bit/color RGB, non-interlaced 	586152	f40b0d3b2156fa68ed75948ec2f27fe564d2d6278d8c7ea2d224965aad225153	E	现场验证图片或JSON结果；无tracked固定路径引用	no	yes	yes
artifacts/field_validation/stage5_place_1_20260803_183751/original/place_1_010.png	PNG image data, 960 x 540, 8-bit/color RGB, non-interlaced 	587031	58fb9cd2cf238fed4a3f8c1624b0744935c9e1bdf6dfe1cda283c42fe692c2eb	E	现场验证图片或JSON结果；无tracked固定路径引用	no	yes	yes
artifacts/field_validation/stage5_place_1_20260803_183751/original/place_1_011.png	PNG image data, 960 x 540, 8-bit/color RGB, non-interlaced 	587251	6dbd822dc17ef49d70264f1c0a2fdd701b59b280a20daeded280da6d4779114d	E	现场验证图片或JSON结果；无tracked固定路径引用	no	yes	yes
artifacts/field_validation/stage5_place_1_20260803_183751/original/place_1_012.png	PNG image data, 960 x 540, 8-bit/color RGB, non-interlaced 	586599	14b22fe556374dbf3c2707e8fb519f9b7f97da280f70b144c4f84ae8fb2ea182	E	现场验证图片或JSON结果；无tracked固定路径引用	no	yes	yes
artifacts/field_validation/stage5_place_1_20260803_183751/original/place_1_013.png	PNG image data, 960 x 540, 8-bit/color RGB, non-interlaced 	587191	e3c56cd5d9871b593b041ad8f7d1c902626bda04722a05dd678ae04f397e8e18	E	现场验证图片或JSON结果；无tracked固定路径引用	no	yes	yes
artifacts/field_validation/stage5_place_1_20260803_183751/original/place_1_014.png	PNG image data, 960 x 540, 8-bit/color RGB, non-interlaced 	587312	9cb4131679addf24ed781f49cc26bfe9cb5200855eda3c5c4f898b6e91e3e07f	E	现场验证图片或JSON结果；无tracked固定路径引用	no	yes	yes
artifacts/field_validation/stage5_place_1_20260803_183751/original/place_1_015.png	PNG image data, 960 x 540, 8-bit/color RGB, non-interlaced 	586643	c6d2908e514797764f28d6aa489e61f2a5cd4939e3e0dc4354bd551bccc48c1f	E	现场验证图片或JSON结果；无tracked固定路径引用	no	yes	yes
artifacts/field_validation/stage5_place_1_20260803_183751/original/place_1_016.png	PNG image data, 960 x 540, 8-bit/color RGB, non-interlaced 	586972	5a255370cfc65057c1534eadaf049e06092b167da209429b4050728339719ab8	E	现场验证图片或JSON结果；无tracked固定路径引用	no	yes	yes
artifacts/field_validation/stage5_place_1_20260803_183751/original/place_1_017.png	PNG image data, 960 x 540, 8-bit/color RGB, non-interlaced 	587442	d5bd92c245167193429ec5d52933a101e7ace43adba0c54ad6a0967524080c30	E	现场验证图片或JSON结果；无tracked固定路径引用	no	yes	yes
artifacts/field_validation/stage5_place_1_20260803_183751/original/place_1_018.png	PNG image data, 960 x 540, 8-bit/color RGB, non-interlaced 	586889	3686e96d76145b03a7cbddf81444dcf7f1eeb44b051d099988a0a084ccdf525b	E	现场验证图片或JSON结果；无tracked固定路径引用	no	yes	yes
artifacts/field_validation/stage5_place_1_20260803_183751/original/place_1_019.png	PNG image data, 960 x 540, 8-bit/color RGB, non-interlaced 	587150	855c1f1edf0129f33a913a1ba00e371fb8a10bcf7d96ae27727151cdca61c788	E	现场验证图片或JSON结果；无tracked固定路径引用	no	yes	yes
artifacts/field_validation/stage5_place_1_20260803_183751/original/place_1_020.png	PNG image data, 960 x 540, 8-bit/color RGB, non-interlaced 	586420	bfabc21a3d86e339da32054b00be42be1593515c59c9241723f4f985c274748f	E	现场验证图片或JSON结果；无tracked固定路径引用	no	yes	yes
artifacts/field_validation/stage5_place_1_20260803_183751/original/place_1_021.png	PNG image data, 960 x 540, 8-bit/color RGB, non-interlaced 	586417	2ca4e2e328d10dd334feebf2df071804fab97a0d1f8bb5cd801f23e644051aad	E	现场验证图片或JSON结果；无tracked固定路径引用	no	yes	yes
artifacts/field_validation/stage5_place_1_20260803_183751/original/place_1_022.png	PNG image data, 960 x 540, 8-bit/color RGB, non-interlaced 	586851	ac88cac54ace255e0660b9408e312bc28c4606f584e4ed85bff1febac793677d	E	现场验证图片或JSON结果；无tracked固定路径引用	no	yes	yes
artifacts/field_validation/stage5_place_1_20260803_183751/original/place_1_023.png	PNG image data, 960 x 540, 8-bit/color RGB, non-interlaced 	586591	0c1096d4e11dea28be388e5e7e2d08c19cefe3b88dcdb56f820164c026f5c174	E	现场验证图片或JSON结果；无tracked固定路径引用	no	yes	yes
artifacts/field_validation/stage5_place_1_20260803_183751/original/place_1_024.png	PNG image data, 960 x 540, 8-bit/color RGB, non-interlaced 	587576	abd929c443661a886a2bf880f561e0957cf0290816f73c64d5ca129e95dd7144	E	现场验证图片或JSON结果；无tracked固定路径引用	no	yes	yes
artifacts/field_validation/stage5_place_1_20260803_183751/original/place_1_025.png	PNG image data, 960 x 540, 8-bit/color RGB, non-interlaced 	587234	05cb87c779088a3876929584db4fdcee6a3ba27d1e28d8bec4f58b91e74341f9	E	现场验证图片或JSON结果；无tracked固定路径引用	no	yes	yes
artifacts/field_validation/stage5_place_1_20260803_183751/original/place_1_026.png	PNG image data, 960 x 540, 8-bit/color RGB, non-interlaced 	586414	e76b11b29507d1e8c9e23e4016752836c6e1ae7629ef9db96f568309bc1db6af	E	现场验证图片或JSON结果；无tracked固定路径引用	no	yes	yes
artifacts/field_validation/stage5_place_1_20260803_183751/original/place_1_027.png	PNG image data, 960 x 540, 8-bit/color RGB, non-interlaced 	586610	1da2bfd53d864c5177761037823bf6d3cce8ea1605b37771af622f725e41b59e	E	现场验证图片或JSON结果；无tracked固定路径引用	no	yes	yes
artifacts/field_validation/stage5_place_1_20260803_183751/original/place_1_028.png	PNG image data, 960 x 540, 8-bit/color RGB, non-interlaced 	586769	62d4313ae5496bd140ed1ed9188bffe0f3c6eb3e1ff608e14624720894edd477	E	现场验证图片或JSON结果；无tracked固定路径引用	no	yes	yes
artifacts/field_validation/stage5_place_1_20260803_183751/original/place_1_029.png	PNG image data, 960 x 540, 8-bit/color RGB, non-interlaced 	586388	03036e369fea1f28d58de0918ee686072639e92ff801b3092c9fa6a11bd4a2ef	E	现场验证图片或JSON结果；无tracked固定路径引用	no	yes	yes
artifacts/field_validation/stage5_place_1_20260803_183751/original/place_1_030.png	PNG image data, 960 x 540, 8-bit/color RGB, non-interlaced 	586964	81b056a7b085c83fe0e30e6c532b79bf52dea03a2549c1e6e1546298a515aad6	E	现场验证图片或JSON结果；无tracked固定路径引用	no	yes	yes
artifacts/field_validation/stage5_place_1_20260803_183751/original/place_1_031.png	PNG image data, 960 x 540, 8-bit/color RGB, non-interlaced 	586637	866de0fa409efa80604b1cec9b1f4ad4f51c2964a5e2dd35c4606ca8ccf5c0aa	E	现场验证图片或JSON结果；无tracked固定路径引用	no	yes	yes
artifacts/field_validation/stage5_place_1_20260803_183751/original/place_1_032.png	PNG image data, 960 x 540, 8-bit/color RGB, non-interlaced 	586235	12d2cbd1f0795a5a3c4ecfe94048fb8bb0ab53c999f52664a20dc99abde6dc7a	E	现场验证图片或JSON结果；无tracked固定路径引用	no	yes	yes
artifacts/field_validation/stage5_place_1_20260803_183751/original/place_1_033.png	PNG image data, 960 x 540, 8-bit/color RGB, non-interlaced 	586981	0cb137487cea0e00631bd4fdb660648ff1826e55a1338ce1fb5bfabd3403a47d	E	现场验证图片或JSON结果；无tracked固定路径引用	no	yes	yes
artifacts/field_validation/stage5_place_1_20260803_183751/original/place_1_034.png	PNG image data, 960 x 540, 8-bit/color RGB, non-interlaced 	586109	65b62805391083e05f5c3edeb1df2f9fd4932e6591536dc07e8bd74d5ab72e4e	E	现场验证图片或JSON结果；无tracked固定路径引用	no	yes	yes
artifacts/field_validation/stage5_place_1_20260803_183751/original/place_1_035.png	PNG image data, 960 x 540, 8-bit/color RGB, non-interlaced 	587507	534301e7f6afb59a13b78510ee966dc4d26a1ea70e63d20b5f9547582d3c3d89	E	现场验证图片或JSON结果；无tracked固定路径引用	no	yes	yes
artifacts/field_validation/stage5_place_1_20260803_183751/original/place_1_036.png	PNG image data, 960 x 540, 8-bit/color RGB, non-interlaced 	587514	afef87c9af3140de1733a73d21af8180c86185b733e50bbed7549d941d7c0355	E	现场验证图片或JSON结果；无tracked固定路径引用	no	yes	yes
artifacts/field_validation/stage5_place_1_20260803_183751/original/place_1_037.png	PNG image data, 960 x 540, 8-bit/color RGB, non-interlaced 	585902	3b63c113ad958100d8289527423f38e2c41b62e7f1eb40eff9b63131327c6614	E	现场验证图片或JSON结果；无tracked固定路径引用	no	yes	yes
artifacts/field_validation/stage5_place_1_20260803_183751/original/place_1_038.png	PNG image data, 960 x 540, 8-bit/color RGB, non-interlaced 	585629	a53cb9b7aa62de2c662a89b722536edb268dbb87234bef62697a9b24836f5e2c	E	现场验证图片或JSON结果；无tracked固定路径引用	no	yes	yes
artifacts/field_validation/stage5_place_1_20260803_183751/original/place_1_039.png	PNG image data, 960 x 540, 8-bit/color RGB, non-interlaced 	587447	6cf1a282a6065a720b638c4ac8ded78ed8d53cd3d7dfc92ca802dbe745fe1648	E	现场验证图片或JSON结果；无tracked固定路径引用	no	yes	yes
artifacts/field_validation/stage5_place_1_20260803_183751/original/place_1_040.png	PNG image data, 960 x 540, 8-bit/color RGB, non-interlaced 	587060	4a1117a5415459ce9f5c7be28f8ab4b204d56c3a7cbf61e8229e9d7423ea174d	E	现场验证图片或JSON结果；无tracked固定路径引用	no	yes	yes
artifacts/field_validation/stage5_place_1_20260803_183751/red_ring_roi/place_1_001.png	PNG image data, 294 x 294, 8-bit/color RGB, non-interlaced 	97800	202ad8e926ee722dcc7f4109f600933c0a9112932cab8a4fa26d98dcb3182be5	E	现场验证图片或JSON结果；无tracked固定路径引用	no	yes	yes
artifacts/field_validation/stage5_place_1_20260803_183751/red_ring_roi/place_1_002.png	PNG image data, 294 x 294, 8-bit/color RGB, non-interlaced 	97574	483e6192b79cc9d14c67027e31efb2e87c0adafcaaa3f421e50186b41fa63398	E	现场验证图片或JSON结果；无tracked固定路径引用	no	yes	yes
artifacts/field_validation/stage5_place_1_20260803_183751/red_ring_roi/place_1_003.png	PNG image data, 294 x 294, 8-bit/color RGB, non-interlaced 	97508	fc73143f1e34210dc429c45f3ad1da69cb14115c0de1d8778808886651c088b4	E	现场验证图片或JSON结果；无tracked固定路径引用	no	yes	yes
artifacts/field_validation/stage5_place_1_20260803_183751/red_ring_roi/place_1_004.png	PNG image data, 294 x 294, 8-bit/color RGB, non-interlaced 	97849	4ac225826d7bf4b16f05273ab0706bf0d0a283e8aa473ca93b9a29549cd26b74	E	现场验证图片或JSON结果；无tracked固定路径引用	no	yes	yes
artifacts/field_validation/stage5_place_1_20260803_183751/red_ring_roi/place_1_005.png	PNG image data, 294 x 294, 8-bit/color RGB, non-interlaced 	97953	f48e3c027b4f2d01cea56bc18407b0642bb159547c348e0747f0f3ce85523635	E	现场验证图片或JSON结果；无tracked固定路径引用	no	yes	yes
artifacts/field_validation/stage5_place_1_20260803_183751/red_ring_roi/place_1_006.png	PNG image data, 294 x 294, 8-bit/color RGB, non-interlaced 	97804	4c9295ab4cdc03fad273dd8a9a326124810f1bfbe4992696bd03b80be5cb0f8c	E	现场验证图片或JSON结果；无tracked固定路径引用	no	yes	yes
artifacts/field_validation/stage5_place_1_20260803_183751/red_ring_roi/place_1_007.png	PNG image data, 294 x 294, 8-bit/color RGB, non-interlaced 	97664	764248c61602bb067a539b9c6fd7e070f0d9a5d8b7ac11bee79457975d5de204	E	现场验证图片或JSON结果；无tracked固定路径引用	no	yes	yes
artifacts/field_validation/stage5_place_1_20260803_183751/red_ring_roi/place_1_008.png	PNG image data, 294 x 294, 8-bit/color RGB, non-interlaced 	97946	12f430d58efe9224832873f7e7fd7e09852a798d990680fdacff55966057afc9	E	现场验证图片或JSON结果；无tracked固定路径引用	no	yes	yes
artifacts/field_validation/stage5_place_1_20260803_183751/red_ring_roi/place_1_009.png	PNG image data, 294 x 294, 8-bit/color RGB, non-interlaced 	97515	b35377bd9293071eade9cbdff7ac3abc20b8bfb424343e432d7fa795224794ad	E	现场验证图片或JSON结果；无tracked固定路径引用	no	yes	yes
artifacts/field_validation/stage5_place_1_20260803_183751/red_ring_roi/place_1_010.png	PNG image data, 294 x 294, 8-bit/color RGB, non-interlaced 	97391	202198d210420b37be6dd95a842de13ebb757a1fc41618b0eff951f0231bc6f5	E	现场验证图片或JSON结果；无tracked固定路径引用	no	yes	yes
artifacts/field_validation/stage5_place_1_20260803_183751/red_ring_roi/place_1_011.png	PNG image data, 294 x 294, 8-bit/color RGB, non-interlaced 	97025	a912f7d341e33aa900ad11ef2030fe058fcab3359689b7acf745ecd58a03ada8	E	现场验证图片或JSON结果；无tracked固定路径引用	no	yes	yes
artifacts/field_validation/stage5_place_1_20260803_183751/red_ring_roi/place_1_012.png	PNG image data, 294 x 294, 8-bit/color RGB, non-interlaced 	97455	e6a509d20cff92fe306cca3158ddedb037cd689d774fdc4092aad5b74c19898f	E	现场验证图片或JSON结果；无tracked固定路径引用	no	yes	yes
artifacts/field_validation/stage5_place_1_20260803_183751/red_ring_roi/place_1_013.png	PNG image data, 294 x 294, 8-bit/color RGB, non-interlaced 	97662	cf201a11399732f50d6c4cb55d5b0c9ad25e7668210c0a8366dd9f841bb9607c	E	现场验证图片或JSON结果；无tracked固定路径引用	no	yes	yes
artifacts/field_validation/stage5_place_1_20260803_183751/red_ring_roi/place_1_014.png	PNG image data, 294 x 294, 8-bit/color RGB, non-interlaced 	97714	73ee24396e547402dc73058f2d47bc2192da139c8f76f9965f58379dbcad56b2	E	现场验证图片或JSON结果；无tracked固定路径引用	no	yes	yes
artifacts/field_validation/stage5_place_1_20260803_183751/red_ring_roi/place_1_015.png	PNG image data, 294 x 294, 8-bit/color RGB, non-interlaced 	97889	46c5aec9b6091db4f46a8443e1812ede85ecfc08345dd14343543cc41598668b	E	现场验证图片或JSON结果；无tracked固定路径引用	no	yes	yes
artifacts/field_validation/stage5_place_1_20260803_183751/red_ring_roi/place_1_016.png	PNG image data, 294 x 294, 8-bit/color RGB, non-interlaced 	97810	5fc374982184a95d002491575daa029b7aab5dfdc27f7f3414d1b318239d7b35	E	现场验证图片或JSON结果；无tracked固定路径引用	no	yes	yes
artifacts/field_validation/stage5_place_1_20260803_183751/red_ring_roi/place_1_017.png	PNG image data, 294 x 294, 8-bit/color RGB, non-interlaced 	98160	d6c8ac8da37000289291966bb936d51ced00e9d4f9d65babadf82be9c9960fd9	E	现场验证图片或JSON结果；无tracked固定路径引用	no	yes	yes
artifacts/field_validation/stage5_place_1_20260803_183751/red_ring_roi/place_1_018.png	PNG image data, 294 x 294, 8-bit/color RGB, non-interlaced 	97838	bab5a63b9dfb16c6d62e980b91a1f63b3fee74445fe5f9b2d664f77fef8315c9	E	现场验证图片或JSON结果；无tracked固定路径引用	no	yes	yes
artifacts/field_validation/stage5_place_1_20260803_183751/red_ring_roi/place_1_019.png	PNG image data, 294 x 294, 8-bit/color RGB, non-interlaced 	97605	575d3a37269342b1fb98cd6718cd262deeabafb7c731091bede51a114cb94b27	E	现场验证图片或JSON结果；无tracked固定路径引用	no	yes	yes
artifacts/field_validation/stage5_place_1_20260803_183751/red_ring_roi/place_1_020.png	PNG image data, 294 x 294, 8-bit/color RGB, non-interlaced 	97479	8a1adb61de2a300c2b8362acf06c06ccb38e9ece03cd909724e61f3d7869e409	E	现场验证图片或JSON结果；无tracked固定路径引用	no	yes	yes
artifacts/field_validation/stage5_place_1_20260803_183751/red_ring_roi/place_1_021.png	PNG image data, 294 x 294, 8-bit/color RGB, non-interlaced 	97634	61aeeb478605ff6739c5a7d1026481c2c401a988ad5f1b26b628b9b2d06ff857	E	现场验证图片或JSON结果；无tracked固定路径引用	no	yes	yes
artifacts/field_validation/stage5_place_1_20260803_183751/red_ring_roi/place_1_022.png	PNG image data, 294 x 294, 8-bit/color RGB, non-interlaced 	97660	46abc0e743561bcfa4a9249dbbe1df9ac97f69075a152334021ba7ba48f564f3	E	现场验证图片或JSON结果；无tracked固定路径引用	no	yes	yes
artifacts/field_validation/stage5_place_1_20260803_183751/red_ring_roi/place_1_023.png	PNG image data, 294 x 294, 8-bit/color RGB, non-interlaced 	98072	adc2f8265c195a81254dc1212b4d8c10d28d574a476d2d5a18763798d4ff17af	E	现场验证图片或JSON结果；无tracked固定路径引用	no	yes	yes
artifacts/field_validation/stage5_place_1_20260803_183751/red_ring_roi/place_1_024.png	PNG image data, 294 x 294, 8-bit/color RGB, non-interlaced 	97975	6af08f70b05520cb42ef89c1bbc2d90e13862a83c1f46e24e09055487fd3d51d	E	现场验证图片或JSON结果；无tracked固定路径引用	no	yes	yes
artifacts/field_validation/stage5_place_1_20260803_183751/red_ring_roi/place_1_025.png	PNG image data, 294 x 294, 8-bit/color RGB, non-interlaced 	98258	268de086d3a6937ec771ec6dc2980ff39fc19535de377f3f4f852788b6959b5f	E	现场验证图片或JSON结果；无tracked固定路径引用	no	yes	yes
artifacts/field_validation/stage5_place_1_20260803_183751/red_ring_roi/place_1_026.png	PNG image data, 294 x 294, 8-bit/color RGB, non-interlaced 	97779	b96713afb00ce67e6ebbb1fa679260ca44f0ec462c72f50a373cd787326734c8	E	现场验证图片或JSON结果；无tracked固定路径引用	no	yes	yes
artifacts/field_validation/stage5_place_1_20260803_183751/red_ring_roi/place_1_027.png	PNG image data, 294 x 294, 8-bit/color RGB, non-interlaced 	97983	d0a19859aacbf5567c4e8646442d13fa696539f5c1c95d41bb05d2ef3792cb3c	E	现场验证图片或JSON结果；无tracked固定路径引用	no	yes	yes
artifacts/field_validation/stage5_place_1_20260803_183751/red_ring_roi/place_1_028.png	PNG image data, 294 x 294, 8-bit/color RGB, non-interlaced 	97871	6b0e478020650a8125eb21b346c7953624b8cb7f30c5c2b283e4581954eef025	E	现场验证图片或JSON结果；无tracked固定路径引用	no	yes	yes
artifacts/field_validation/stage5_place_1_20260803_183751/red_ring_roi/place_1_029.png	PNG image data, 294 x 294, 8-bit/color RGB, non-interlaced 	97503	91e051c225f78b91a92a4dabd2d53e9e827cbf92921eaabf880aa58d62e8d687	E	现场验证图片或JSON结果；无tracked固定路径引用	no	yes	yes
artifacts/field_validation/stage5_place_1_20260803_183751/red_ring_roi/place_1_030.png	PNG image data, 294 x 294, 8-bit/color RGB, non-interlaced 	98055	fd90e2c6c950c2c6ea7c2f3aa1e4839387278df9039effb62e2d305dadf6ed66	E	现场验证图片或JSON结果；无tracked固定路径引用	no	yes	yes
artifacts/field_validation/stage5_place_1_20260803_183751/red_ring_roi/place_1_031.png	PNG image data, 294 x 294, 8-bit/color RGB, non-interlaced 	97633	4d8753fcc98061cda9475d4c6860bdaa30779b1511d9befb33a38d878f5010d4	E	现场验证图片或JSON结果；无tracked固定路径引用	no	yes	yes
artifacts/field_validation/stage5_place_1_20260803_183751/red_ring_roi/place_1_032.png	PNG image data, 294 x 294, 8-bit/color RGB, non-interlaced 	97829	80d5a91b07f259796ec1ed3a608e5c4ebac22eeef585eff02a62671fbb00838a	E	现场验证图片或JSON结果；无tracked固定路径引用	no	yes	yes
artifacts/field_validation/stage5_place_1_20260803_183751/red_ring_roi/place_1_033.png	PNG image data, 294 x 294, 8-bit/color RGB, non-interlaced 	97857	3d17b2e82ee1a70b4b661552c5979edd4d27fa5e2cc89d52cbcbe2d082b9d3ac	E	现场验证图片或JSON结果；无tracked固定路径引用	no	yes	yes
artifacts/field_validation/stage5_place_1_20260803_183751/red_ring_roi/place_1_034.png	PNG image data, 294 x 294, 8-bit/color RGB, non-interlaced 	97626	a55f1d224cd5e16ca287b9dfa2d16b2c46a33ab6a2cb1d6991eeb151ac6b1842	E	现场验证图片或JSON结果；无tracked固定路径引用	no	yes	yes
artifacts/field_validation/stage5_place_1_20260803_183751/red_ring_roi/place_1_035.png	PNG image data, 294 x 294, 8-bit/color RGB, non-interlaced 	97858	359d9905cde54860cea63ea8d608f0b4530fa0c1c6a7b1bf9c83730d6e5eb8d1	E	现场验证图片或JSON结果；无tracked固定路径引用	no	yes	yes
artifacts/field_validation/stage5_place_1_20260803_183751/red_ring_roi/place_1_036.png	PNG image data, 294 x 294, 8-bit/color RGB, non-interlaced 	97960	5e46a27760314e1067af372f949401de085150c8a0827e26621bc65199486777	E	现场验证图片或JSON结果；无tracked固定路径引用	no	yes	yes
artifacts/field_validation/stage5_place_1_20260803_183751/red_ring_roi/place_1_037.png	PNG image data, 294 x 294, 8-bit/color RGB, non-interlaced 	97836	30fe5002244499c8cb8ce483f478709259b1c42f1cafacffeda4e78d967b73a1	E	现场验证图片或JSON结果；无tracked固定路径引用	no	yes	yes
artifacts/field_validation/stage5_place_1_20260803_183751/red_ring_roi/place_1_038.png	PNG image data, 294 x 294, 8-bit/color RGB, non-interlaced 	97635	e161d2d14430f56fe485f83c10ca9364553cfc4032b5202d4a1f1841a471c794	E	现场验证图片或JSON结果；无tracked固定路径引用	no	yes	yes
artifacts/field_validation/stage5_place_1_20260803_183751/red_ring_roi/place_1_039.png	PNG image data, 294 x 294, 8-bit/color RGB, non-interlaced 	97762	64c4c5231d65a8ab53c0ee49ca7e359b05409f0dc96a4d300e9a68cee1bd58c7	E	现场验证图片或JSON结果；无tracked固定路径引用	no	yes	yes
artifacts/field_validation/stage5_place_1_20260803_183751/red_ring_roi/place_1_040.png	PNG image data, 294 x 294, 8-bit/color RGB, non-interlaced 	98275	b0a1dd3deb8937accc401d54e545218629013f6742a1715bc80962e1c7d45831	E	现场验证图片或JSON结果；无tracked固定路径引用	no	yes	yes
artifacts/field_validation/stage5_place_1_20260803_183751/representative_place_1.png	PNG image data, 960 x 540, 8-bit/color RGB, non-interlaced 	586420	bfabc21a3d86e339da32054b00be42be1593515c59c9241723f4f985c274748f	E	现场验证图片或JSON结果；无tracked固定路径引用	no	yes	yes
artifacts/field_validation/stage5_place_1_20260803_183751/template_calibration.json	JSON data 	186	a61e87a024d487403297546c31cbce870a92527d2e4b680c7067374a780cc347	E	现场验证图片或JSON结果；无tracked固定路径引用	no	yes	yes
artifacts/field_validation/stage6_place_2_20260803_184748/capture_calibrated_report.json	JSON data 	18343	5e80d700ca12c892a3b85e141b60feb1b60bc8cefe7571f7f084f62f6d3dde95	E	现场验证图片或JSON结果；无tracked固定路径引用	no	yes	yes
artifacts/field_validation/stage6_place_2_20260803_184748/metadata.json	JSON data 	22059	aea6b37dd496c9dab7ae49e8946cab9e61186824b67617afd67aa6ceedb9a335	E	现场验证图片或JSON结果；无tracked固定路径引用	no	yes	yes
artifacts/field_validation/stage6_place_2_20260803_184748/normalized_mask/place_2_001.png	PNG image data, 128 x 128, 8-bit grayscale, non-interlaced 	703	1a6465ccb9b1db97995854e94a11269efd0bdbe4cde8a64e44cff3484fe1486d	E	现场验证图片或JSON结果；无tracked固定路径引用	no	yes	yes
artifacts/field_validation/stage6_place_2_20260803_184748/normalized_mask/place_2_002.png	PNG image data, 128 x 128, 8-bit grayscale, non-interlaced 	703	17ed852a8877702b702d5492285a09df5905e6c319de5b2928cd1538d3e26484	E	现场验证图片或JSON结果；无tracked固定路径引用	no	yes	yes
artifacts/field_validation/stage6_place_2_20260803_184748/normalized_mask/place_2_003.png	PNG image data, 128 x 128, 8-bit grayscale, non-interlaced 	702	9d1dd46985d11be58cce15850b75e685bd26a0a4d50356cc77be651e24885a97	E	现场验证图片或JSON结果；无tracked固定路径引用	no	yes	yes
artifacts/field_validation/stage6_place_2_20260803_184748/normalized_mask/place_2_004.png	PNG image data, 128 x 128, 8-bit grayscale, non-interlaced 	702	d706272c9b1d05a00a40dda87089ce22dfa93c70ee53c2f536e2afd6e2784214	E	现场验证图片或JSON结果；无tracked固定路径引用	no	yes	yes
artifacts/field_validation/stage6_place_2_20260803_184748/normalized_mask/place_2_005.png	PNG image data, 128 x 128, 8-bit grayscale, non-interlaced 	708	e6a36db109e414cb982829bea2d5b943f7e69ea832f327e58db73d175f5690f6	E	现场验证图片或JSON结果；无tracked固定路径引用	no	yes	yes
artifacts/field_validation/stage6_place_2_20260803_184748/normalized_mask/place_2_006.png	PNG image data, 128 x 128, 8-bit grayscale, non-interlaced 	704	d69441a72c030107248304af162b97a7e8800ccc9107955b4e6b5fa60f631918	E	现场验证图片或JSON结果；无tracked固定路径引用	no	yes	yes
artifacts/field_validation/stage6_place_2_20260803_184748/normalized_mask/place_2_007.png	PNG image data, 128 x 128, 8-bit grayscale, non-interlaced 	704	f039cdc480ad490611c76fce88fe90d1fc01b76b37412857a2c14efecb07ccfe	E	现场验证图片或JSON结果；无tracked固定路径引用	no	yes	yes
artifacts/field_validation/stage6_place_2_20260803_184748/normalized_mask/place_2_008.png	PNG image data, 128 x 128, 8-bit grayscale, non-interlaced 	705	75ad0c8188a82b1c2738a7ddcbba876b05cece227a25bdd7256b6ac6aa960590	E	现场验证图片或JSON结果；无tracked固定路径引用	no	yes	yes
artifacts/field_validation/stage6_place_2_20260803_184748/normalized_mask/place_2_009.png	PNG image data, 128 x 128, 8-bit grayscale, non-interlaced 	703	7b7fa9865d48c5d3bc5283e01efe3b82760da9333ca22e103a65e5e9c1b8af37	E	现场验证图片或JSON结果；无tracked固定路径引用	no	yes	yes
artifacts/field_validation/stage6_place_2_20260803_184748/normalized_mask/place_2_010.png	PNG image data, 128 x 128, 8-bit grayscale, non-interlaced 	704	bf7ba838401bd4fa6d7e44899585d2f84a2e5a3d47896151bf26d7765309c2a9	E	现场验证图片或JSON结果；无tracked固定路径引用	no	yes	yes
artifacts/field_validation/stage6_place_2_20260803_184748/normalized_mask/place_2_011.png	PNG image data, 128 x 128, 8-bit grayscale, non-interlaced 	706	0360099c6e5e55f64bdb4733ee67f7d06d72d48c4e47cedc0fe1ada00b29c840	E	现场验证图片或JSON结果；无tracked固定路径引用	no	yes	yes
artifacts/field_validation/stage6_place_2_20260803_184748/normalized_mask/place_2_012.png	PNG image data, 128 x 128, 8-bit grayscale, non-interlaced 	705	7e27c9d00b847d6967146f6a65df82989adf4f3fa59e24eedc753132190ab02f	E	现场验证图片或JSON结果；无tracked固定路径引用	no	yes	yes
artifacts/field_validation/stage6_place_2_20260803_184748/normalized_mask/place_2_013.png	PNG image data, 128 x 128, 8-bit grayscale, non-interlaced 	709	bf63f178899c16d9e63ec264d9d9e4c50cf0ba8d7a26da6484e795a8d80d53df	E	现场验证图片或JSON结果；无tracked固定路径引用	no	yes	yes
artifacts/field_validation/stage6_place_2_20260803_184748/normalized_mask/place_2_014.png	PNG image data, 128 x 128, 8-bit grayscale, non-interlaced 	709	bc11c518106c3d2561ecbb3c9b8154b16f4ba8892f5d383dfaea3ee35986009a	E	现场验证图片或JSON结果；无tracked固定路径引用	no	yes	yes
artifacts/field_validation/stage6_place_2_20260803_184748/normalized_mask/place_2_015.png	PNG image data, 128 x 128, 8-bit grayscale, non-interlaced 	704	c66f9d8746e4ddb8e559143b0f9fc6053fdcab9c6141d60607468233d6e126b8	E	现场验证图片或JSON结果；无tracked固定路径引用	no	yes	yes
artifacts/field_validation/stage6_place_2_20260803_184748/normalized_mask/place_2_016.png	PNG image data, 128 x 128, 8-bit grayscale, non-interlaced 	702	03217982ba08c926869e731577132cc734452c708d7d8b218a0e906117a23057	E	现场验证图片或JSON结果；无tracked固定路径引用	no	yes	yes
artifacts/field_validation/stage6_place_2_20260803_184748/normalized_mask/place_2_017.png	PNG image data, 128 x 128, 8-bit grayscale, non-interlaced 	704	20675439a4cd617a3a5889fdafd67ead30c3d488395e6349d9d9b4c8e8d57f37	E	现场验证图片或JSON结果；无tracked固定路径引用	no	yes	yes
artifacts/field_validation/stage6_place_2_20260803_184748/normalized_mask/place_2_018.png	PNG image data, 128 x 128, 8-bit grayscale, non-interlaced 	704	0e2d6186e524a93d3afac48cabfa0eed17e9aa419846d776effabe70537ced8a	E	现场验证图片或JSON结果；无tracked固定路径引用	no	yes	yes
artifacts/field_validation/stage6_place_2_20260803_184748/normalized_mask/place_2_019.png	PNG image data, 128 x 128, 8-bit grayscale, non-interlaced 	702	3701581d6709f51b7582e2ab90e523bb0c55d8c51c402f1b47b111b3f2a7d0c4	E	现场验证图片或JSON结果；无tracked固定路径引用	no	yes	yes
artifacts/field_validation/stage6_place_2_20260803_184748/normalized_mask/place_2_020.png	PNG image data, 128 x 128, 8-bit grayscale, non-interlaced 	703	21179088a60a0dc9d1ce04bcb722769e302c49113f94cb7c1a16559059a3a03a	E	现场验证图片或JSON结果；无tracked固定路径引用	no	yes	yes
artifacts/field_validation/stage6_place_2_20260803_184748/normalized_mask/place_2_021.png	PNG image data, 128 x 128, 8-bit grayscale, non-interlaced 	702	19ecfad269d50062204672f39a186c4a8d403f5ff40fe2706296f0dab13f5f68	E	现场验证图片或JSON结果；无tracked固定路径引用	no	yes	yes
artifacts/field_validation/stage6_place_2_20260803_184748/normalized_mask/place_2_022.png	PNG image data, 128 x 128, 8-bit grayscale, non-interlaced 	705	3e2acd901f6e10c3853dadbbc6e214f6f006325aadfb9f428ce1cb31277d7e48	E	现场验证图片或JSON结果；无tracked固定路径引用	no	yes	yes
artifacts/field_validation/stage6_place_2_20260803_184748/normalized_mask/place_2_023.png	PNG image data, 128 x 128, 8-bit grayscale, non-interlaced 	706	ffa0840f11f983f4bebd7d117b67f5f78deffa2c9db26f9898988759b48bc3f4	E	现场验证图片或JSON结果；无tracked固定路径引用	no	yes	yes
artifacts/field_validation/stage6_place_2_20260803_184748/normalized_mask/place_2_024.png	PNG image data, 128 x 128, 8-bit grayscale, non-interlaced 	702	b08a1d019650ab1b4e7d704c71e8fcad2c3e05a005b13bfcc3cd943e56723e1f	E	现场验证图片或JSON结果；无tracked固定路径引用	no	yes	yes
artifacts/field_validation/stage6_place_2_20260803_184748/normalized_mask/place_2_025.png	PNG image data, 128 x 128, 8-bit grayscale, non-interlaced 	704	c1a8481f24d9e88efd01d40986c629f9b584c30b9bb632c4ae9ba991ea74b455	E	现场验证图片或JSON结果；无tracked固定路径引用	no	yes	yes
artifacts/field_validation/stage6_place_2_20260803_184748/normalized_mask/place_2_026.png	PNG image data, 128 x 128, 8-bit grayscale, non-interlaced 	704	b62295919a1e739a11f86931a15fadcc00c2b90e16a2a635f54085dbf6ed2927	E	现场验证图片或JSON结果；无tracked固定路径引用	no	yes	yes
artifacts/field_validation/stage6_place_2_20260803_184748/normalized_mask/place_2_027.png	PNG image data, 128 x 128, 8-bit grayscale, non-interlaced 	704	f65f864f666b8f42bbe053cc4eb18294a1c708c5077f3d4ac5a0b204b0bcae12	E	现场验证图片或JSON结果；无tracked固定路径引用	no	yes	yes
artifacts/field_validation/stage6_place_2_20260803_184748/normalized_mask/place_2_028.png	PNG image data, 128 x 128, 8-bit grayscale, non-interlaced 	704	724a8149fd696102debd6556d7b64ac55426bd517f27800c58e28701e36159af	E	现场验证图片或JSON结果；无tracked固定路径引用	no	yes	yes
artifacts/field_validation/stage6_place_2_20260803_184748/normalized_mask/place_2_029.png	PNG image data, 128 x 128, 8-bit grayscale, non-interlaced 	702	424247fbcda2052479985488ef4d42bfe44845ba1b34976d7ce43d327e0d0ba4	E	现场验证图片或JSON结果；无tracked固定路径引用	no	yes	yes
artifacts/field_validation/stage6_place_2_20260803_184748/normalized_mask/place_2_030.png	PNG image data, 128 x 128, 8-bit grayscale, non-interlaced 	704	7ed915e830ad601912ba9743f92be4e3cb722415bf2ea490d0fa271ad1b66e86	E	现场验证图片或JSON结果；无tracked固定路径引用	no	yes	yes
artifacts/field_validation/stage6_place_2_20260803_184748/normalized_mask/place_2_031.png	PNG image data, 128 x 128, 8-bit grayscale, non-interlaced 	704	bdfa7bcb746fdd697c781b7b695febdafd38113d943f1fceae5556e5a3003097	E	现场验证图片或JSON结果；无tracked固定路径引用	no	yes	yes
artifacts/field_validation/stage6_place_2_20260803_184748/normalized_mask/place_2_032.png	PNG image data, 128 x 128, 8-bit grayscale, non-interlaced 	702	7b1c98756d746e9be1c198e12b4f7226e2cc838edeb247170159ec06458eee79	E	现场验证图片或JSON结果；无tracked固定路径引用	no	yes	yes
artifacts/field_validation/stage6_place_2_20260803_184748/normalized_mask/place_2_033.png	PNG image data, 128 x 128, 8-bit grayscale, non-interlaced 	703	6a05aafbb5f14f6a5e1ed1f8cea33f6b436d10456b7e061c12807cd99af59549	E	现场验证图片或JSON结果；无tracked固定路径引用	no	yes	yes
artifacts/field_validation/stage6_place_2_20260803_184748/normalized_mask/place_2_034.png	PNG image data, 128 x 128, 8-bit grayscale, non-interlaced 	705	5304af5d728d5cc347588848336aabca1abc33f49e376df508741b894988b7fc	E	现场验证图片或JSON结果；无tracked固定路径引用	no	yes	yes
artifacts/field_validation/stage6_place_2_20260803_184748/normalized_mask/place_2_035.png	PNG image data, 128 x 128, 8-bit grayscale, non-interlaced 	704	581ea07b3fc0d50e39fbe956ea549a0aa23f36b6fe2d091709581ea2b12293d0	E	现场验证图片或JSON结果；无tracked固定路径引用	no	yes	yes
artifacts/field_validation/stage6_place_2_20260803_184748/normalized_mask/place_2_036.png	PNG image data, 128 x 128, 8-bit grayscale, non-interlaced 	706	d35d5821191ea094d04c0e9febeb0a5c8d50d6c7084750bc765aa60cd7ca438a	E	现场验证图片或JSON结果；无tracked固定路径引用	no	yes	yes
artifacts/field_validation/stage6_place_2_20260803_184748/normalized_mask/place_2_037.png	PNG image data, 128 x 128, 8-bit grayscale, non-interlaced 	702	6da8d62da9e17b66fb84d8f72dc02711f48c2e3748b301d6167cec77f7959f7c	E	现场验证图片或JSON结果；无tracked固定路径引用	no	yes	yes
artifacts/field_validation/stage6_place_2_20260803_184748/normalized_mask/place_2_038.png	PNG image data, 128 x 128, 8-bit grayscale, non-interlaced 	703	93260543fca76bb50c95f8cd657e83fbd7d600eea2dcbe35d7e78d3ea87519c3	E	现场验证图片或JSON结果；无tracked固定路径引用	no	yes	yes
artifacts/field_validation/stage6_place_2_20260803_184748/normalized_mask/place_2_039.png	PNG image data, 128 x 128, 8-bit grayscale, non-interlaced 	704	32f34d4b5d87279a116e56d86dd3ea6eb7a16321f5552598a9811ad0f0cf358d	E	现场验证图片或JSON结果；无tracked固定路径引用	no	yes	yes
artifacts/field_validation/stage6_place_2_20260803_184748/normalized_mask/place_2_040.png	PNG image data, 128 x 128, 8-bit grayscale, non-interlaced 	704	6c9b4d8fdbba11b0d9e9c038acbad1752698e6f17e0ea4bbfdf41152b2d74be5	E	现场验证图片或JSON结果；无tracked固定路径引用	no	yes	yes
artifacts/field_validation/stage6_place_2_20260803_184748/offline_regression.json	JSON data 	9590	a00564625a93c8253e7acd472db38f2e03c91cb283b20e7559fbf3e763c975dc	E	现场验证图片或JSON结果；无tracked固定路径引用	no	yes	yes
artifacts/field_validation/stage6_place_2_20260803_184748/original/place_2_001.png	PNG image data, 960 x 540, 8-bit/color RGB, non-interlaced 	580881	9964c82893441b2b2e46d53100cecbc146ae1a766dcd2af75225e9a6043a4ae0	E	现场验证图片或JSON结果；无tracked固定路径引用	no	yes	yes
artifacts/field_validation/stage6_place_2_20260803_184748/original/place_2_002.png	PNG image data, 960 x 540, 8-bit/color RGB, non-interlaced 	581509	b2e8a18a4f31ae7570cc15dd3eefc6ab136e30d9380ee1011a28d7394cfa4489	E	现场验证图片或JSON结果；无tracked固定路径引用	no	yes	yes
artifacts/field_validation/stage6_place_2_20260803_184748/original/place_2_003.png	PNG image data, 960 x 540, 8-bit/color RGB, non-interlaced 	581548	a2d1acaf4f4bddaa29278f0a62945406cd12db9645bee8e9f03bfbc8decfd9b7	E	现场验证图片或JSON结果；无tracked固定路径引用	no	yes	yes
artifacts/field_validation/stage6_place_2_20260803_184748/original/place_2_004.png	PNG image data, 960 x 540, 8-bit/color RGB, non-interlaced 	581257	47a51902582ea43805c0045c8f110a0158bf08c1b7ab9b1110cca51f38385a3d	E	现场验证图片或JSON结果；无tracked固定路径引用	no	yes	yes
artifacts/field_validation/stage6_place_2_20260803_184748/original/place_2_005.png	PNG image data, 960 x 540, 8-bit/color RGB, non-interlaced 	581486	a7f3526d4842b00e5bdde52a184621f6d676d4e6b00c6f5f2edb73d78aea6889	E	现场验证图片或JSON结果；无tracked固定路径引用	no	yes	yes
artifacts/field_validation/stage6_place_2_20260803_184748/original/place_2_006.png	PNG image data, 960 x 540, 8-bit/color RGB, non-interlaced 	582090	5ccbddf72950932cf86e1bcdb907e641cbfab5268199a7f02cb94363561b0374	E	现场验证图片或JSON结果；无tracked固定路径引用	no	yes	yes
artifacts/field_validation/stage6_place_2_20260803_184748/original/place_2_007.png	PNG image data, 960 x 540, 8-bit/color RGB, non-interlaced 	581670	c1f149d745b13e5bf3db6f55223f7cd49cb33deaa364af7f4da06b245ff54ab3	E	现场验证图片或JSON结果；无tracked固定路径引用	no	yes	yes
artifacts/field_validation/stage6_place_2_20260803_184748/original/place_2_008.png	PNG image data, 960 x 540, 8-bit/color RGB, non-interlaced 	582261	2b830994c6468bb0402f26231e1dd92a5ad6aa3bc33e8d9c436b8a99e3862e2b	E	现场验证图片或JSON结果；无tracked固定路径引用	no	yes	yes
artifacts/field_validation/stage6_place_2_20260803_184748/original/place_2_009.png	PNG image data, 960 x 540, 8-bit/color RGB, non-interlaced 	581785	6d4d2a7c602bb580add280e94564de5464893cd8b685613c2a986986122742e3	E	现场验证图片或JSON结果；无tracked固定路径引用	no	yes	yes
artifacts/field_validation/stage6_place_2_20260803_184748/original/place_2_010.png	PNG image data, 960 x 540, 8-bit/color RGB, non-interlaced 	583054	8e07ead81dea0274847f831d3d6668dfaf8d5387cee621b07d84e1d8c5da1237	E	现场验证图片或JSON结果；无tracked固定路径引用	no	yes	yes
artifacts/field_validation/stage6_place_2_20260803_184748/original/place_2_011.png	PNG image data, 960 x 540, 8-bit/color RGB, non-interlaced 	582788	91f77df0255368b7a80e1eda00b078fe682d0c9549e6e955b2b7fbad50e3e8f7	E	现场验证图片或JSON结果；无tracked固定路径引用	no	yes	yes
artifacts/field_validation/stage6_place_2_20260803_184748/original/place_2_012.png	PNG image data, 960 x 540, 8-bit/color RGB, non-interlaced 	582160	55eac3fb0127005d119be7c0a00d132d73801d4bef5a7109c9e480b70ad4c847	E	现场验证图片或JSON结果；无tracked固定路径引用	no	yes	yes
artifacts/field_validation/stage6_place_2_20260803_184748/original/place_2_013.png	PNG image data, 960 x 540, 8-bit/color RGB, non-interlaced 	581095	9dac4375d15f65b66408d7293943ebbfb19848a18e4a4d19936476770d82d05a	E	现场验证图片或JSON结果；无tracked固定路径引用	no	yes	yes
artifacts/field_validation/stage6_place_2_20260803_184748/original/place_2_014.png	PNG image data, 960 x 540, 8-bit/color RGB, non-interlaced 	582164	a855979ed36a4e4408b420960a05465193af0e3de68de267c8d06143a2eb7b44	E	现场验证图片或JSON结果；无tracked固定路径引用	no	yes	yes
artifacts/field_validation/stage6_place_2_20260803_184748/original/place_2_015.png	PNG image data, 960 x 540, 8-bit/color RGB, non-interlaced 	582794	78c2b83c8e642a04495cd17958ee0f5d4e3e927af2b5686b9478cb5f6d8dafef	E	现场验证图片或JSON结果；无tracked固定路径引用	no	yes	yes
artifacts/field_validation/stage6_place_2_20260803_184748/original/place_2_016.png	PNG image data, 960 x 540, 8-bit/color RGB, non-interlaced 	582000	d4e31bf6019bc3a73e29a4997306f07c47e6aa09f231940181624152d4fa6dbf	E	现场验证图片或JSON结果；无tracked固定路径引用	no	yes	yes
artifacts/field_validation/stage6_place_2_20260803_184748/original/place_2_017.png	PNG image data, 960 x 540, 8-bit/color RGB, non-interlaced 	581286	e9de9772401137065ebfdc15e5dee7515382ad8801ac141fc89cf5bb3d91a797	E	现场验证图片或JSON结果；无tracked固定路径引用	no	yes	yes
artifacts/field_validation/stage6_place_2_20260803_184748/original/place_2_018.png	PNG image data, 960 x 540, 8-bit/color RGB, non-interlaced 	581772	2499d28837d4a90cb21e3146aa786c65928342d44a49bb3c29f9dca86a8e8dc1	E	现场验证图片或JSON结果；无tracked固定路径引用	no	yes	yes
artifacts/field_validation/stage6_place_2_20260803_184748/original/place_2_019.png	PNG image data, 960 x 540, 8-bit/color RGB, non-interlaced 	582450	bdabb66eedd0a1f0b4ee6066360b1b09fd30d974c822dc34cd450ee2585cbd7c	E	现场验证图片或JSON结果；无tracked固定路径引用	no	yes	yes
artifacts/field_validation/stage6_place_2_20260803_184748/original/place_2_020.png	PNG image data, 960 x 540, 8-bit/color RGB, non-interlaced 	582725	3a336cc3a34579baaf78f0f2e4b11b8f80c38d23f700d74f855b7086a5f063fb	E	现场验证图片或JSON结果；无tracked固定路径引用	no	yes	yes
artifacts/field_validation/stage6_place_2_20260803_184748/original/place_2_021.png	PNG image data, 960 x 540, 8-bit/color RGB, non-interlaced 	583491	7885a07bdb75c7c5ad1529b6a66879debd9f1946f72c7de25d82accab9893e0f	E	现场验证图片或JSON结果；无tracked固定路径引用	no	yes	yes
artifacts/field_validation/stage6_place_2_20260803_184748/original/place_2_022.png	PNG image data, 960 x 540, 8-bit/color RGB, non-interlaced 	580953	d9e0df660b36f4048fd70e5c872ca95d7ad01529d9ce01e96a0607023c2b1e1a	E	现场验证图片或JSON结果；无tracked固定路径引用	no	yes	yes
artifacts/field_validation/stage6_place_2_20260803_184748/original/place_2_023.png	PNG image data, 960 x 540, 8-bit/color RGB, non-interlaced 	581146	d54ae6c7fc6c7369da1f1f641d7dcd5a710db49d0b8b237b77ec0415bfa4ffe4	E	现场验证图片或JSON结果；无tracked固定路径引用	no	yes	yes
artifacts/field_validation/stage6_place_2_20260803_184748/original/place_2_024.png	PNG image data, 960 x 540, 8-bit/color RGB, non-interlaced 	582037	5ee7f341e4a42dca4c257b5bd0744450d5a447ad7fba5423a2d29123197ef53d	E	现场验证图片或JSON结果；无tracked固定路径引用	no	yes	yes
artifacts/field_validation/stage6_place_2_20260803_184748/original/place_2_025.png	PNG image data, 960 x 540, 8-bit/color RGB, non-interlaced 	581109	daf31da806e6deeb2f640192f1e726ae57a93e697277e6a079107448f47599ce	E	现场验证图片或JSON结果；无tracked固定路径引用	no	yes	yes
artifacts/field_validation/stage6_place_2_20260803_184748/original/place_2_026.png	PNG image data, 960 x 540, 8-bit/color RGB, non-interlaced 	581848	4b9982120ea009a6e8088d217809cd25c75b3cc384d9a0eaaa76093046afee1e	E	现场验证图片或JSON结果；无tracked固定路径引用	no	yes	yes
artifacts/field_validation/stage6_place_2_20260803_184748/original/place_2_027.png	PNG image data, 960 x 540, 8-bit/color RGB, non-interlaced 	582604	89a638910959bb038df832c20495b99318ba757049a1dcf53047876392151b99	E	现场验证图片或JSON结果；无tracked固定路径引用	no	yes	yes
artifacts/field_validation/stage6_place_2_20260803_184748/original/place_2_028.png	PNG image data, 960 x 540, 8-bit/color RGB, non-interlaced 	582746	6194a171620dd32bc6705aead9729904a2d480d09c440b9ba242ac5b0954ad97	E	现场验证图片或JSON结果；无tracked固定路径引用	no	yes	yes
artifacts/field_validation/stage6_place_2_20260803_184748/original/place_2_029.png	PNG image data, 960 x 540, 8-bit/color RGB, non-interlaced 	581675	f4b69851c5d500b59f131cfa157aae32c76412bb1fa94ff0ffa8b6fafc2c8c9a	E	现场验证图片或JSON结果；无tracked固定路径引用	no	yes	yes
artifacts/field_validation/stage6_place_2_20260803_184748/original/place_2_030.png	PNG image data, 960 x 540, 8-bit/color RGB, non-interlaced 	581772	87d8aca7bdf6c0f30d64bec2d12ac0425c471ed234c3983f472d1b2243b93ddc	E	现场验证图片或JSON结果；无tracked固定路径引用	no	yes	yes
artifacts/field_validation/stage6_place_2_20260803_184748/original/place_2_031.png	PNG image data, 960 x 540, 8-bit/color RGB, non-interlaced 	581011	f11592f7567538a2dee5fc25fe7e62a244735bd2616f93a7bb7fa835cd982095	E	现场验证图片或JSON结果；无tracked固定路径引用	no	yes	yes
artifacts/field_validation/stage6_place_2_20260803_184748/original/place_2_032.png	PNG image data, 960 x 540, 8-bit/color RGB, non-interlaced 	582238	bf48f6005d762c0cd80c08b7b7497181ffe54caed7bd92aebd282c5efe53114c	E	现场验证图片或JSON结果；无tracked固定路径引用	no	yes	yes
artifacts/field_validation/stage6_place_2_20260803_184748/original/place_2_033.png	PNG image data, 960 x 540, 8-bit/color RGB, non-interlaced 	582342	2b14f54f5f1296ffe053574882861f131065b03a369d81588b39e2963faeff73	E	现场验证图片或JSON结果；无tracked固定路径引用	no	yes	yes
artifacts/field_validation/stage6_place_2_20260803_184748/original/place_2_034.png	PNG image data, 960 x 540, 8-bit/color RGB, non-interlaced 	581275	8c7a7cec825500bd570d832d654fc2ef848fe0818e441770d81479c339f07c21	E	现场验证图片或JSON结果；无tracked固定路径引用	no	yes	yes
artifacts/field_validation/stage6_place_2_20260803_184748/original/place_2_035.png	PNG image data, 960 x 540, 8-bit/color RGB, non-interlaced 	582254	7d46b929b3c91ced36a78d1039ea30a7af7437c2d9a1372a530eac772edeb8c5	E	现场验证图片或JSON结果；无tracked固定路径引用	no	yes	yes
artifacts/field_validation/stage6_place_2_20260803_184748/original/place_2_036.png	PNG image data, 960 x 540, 8-bit/color RGB, non-interlaced 	581300	67083a175f94ecedfca643145fdae570f9f272202bf610748ec292823ffd9b16	E	现场验证图片或JSON结果；无tracked固定路径引用	no	yes	yes
artifacts/field_validation/stage6_place_2_20260803_184748/original/place_2_037.png	PNG image data, 960 x 540, 8-bit/color RGB, non-interlaced 	582045	a64445aa4286083e06f8d21f444168094f730301eec7272e764e8dc9291df0dc	E	现场验证图片或JSON结果；无tracked固定路径引用	no	yes	yes
artifacts/field_validation/stage6_place_2_20260803_184748/original/place_2_038.png	PNG image data, 960 x 540, 8-bit/color RGB, non-interlaced 	581401	67590265d7312c4e01d10ad715a179951b8892507b194d353ea5f6f33c6ff6ae	E	现场验证图片或JSON结果；无tracked固定路径引用	no	yes	yes
artifacts/field_validation/stage6_place_2_20260803_184748/original/place_2_039.png	PNG image data, 960 x 540, 8-bit/color RGB, non-interlaced 	582551	9f4cd92b0de503c1c720c93a8d756a4fe85db277dbf3a5d7118cdaa3919b1598	E	现场验证图片或JSON结果；无tracked固定路径引用	no	yes	yes
artifacts/field_validation/stage6_place_2_20260803_184748/original/place_2_040.png	PNG image data, 960 x 540, 8-bit/color RGB, non-interlaced 	582768	3d661430addcd474a6b29fe513faec91e686a0bddcc5b9ae40c314df6bbdc0a1	E	现场验证图片或JSON结果；无tracked固定路径引用	no	yes	yes
artifacts/field_validation/stage6_place_2_20260803_184748/red_ring_roi/place_2_001.png	PNG image data, 302 x 302, 8-bit/color RGB, non-interlaced 	99048	8bf761c7875e81f71c51ce2975b08bfd4f730cae49e47c9ccd894fa3547085e9	E	现场验证图片或JSON结果；无tracked固定路径引用	no	yes	yes
artifacts/field_validation/stage6_place_2_20260803_184748/red_ring_roi/place_2_002.png	PNG image data, 302 x 302, 8-bit/color RGB, non-interlaced 	99471	d8cc0cde9afb63f02242c862c0612768295a36582f1765d574012f75c036a507	E	现场验证图片或JSON结果；无tracked固定路径引用	no	yes	yes
artifacts/field_validation/stage6_place_2_20260803_184748/red_ring_roi/place_2_003.png	PNG image data, 302 x 302, 8-bit/color RGB, non-interlaced 	99355	efffb3f6aad0ea96e51c79d71fd02481949f11403d09c063ea6b63e4f6e0e54d	E	现场验证图片或JSON结果；无tracked固定路径引用	no	yes	yes
artifacts/field_validation/stage6_place_2_20260803_184748/red_ring_roi/place_2_004.png	PNG image data, 302 x 302, 8-bit/color RGB, non-interlaced 	99259	03817ef0766d65c09e391abc68d0b61bc683749e4c212dd8a237e5a24964c529	E	现场验证图片或JSON结果；无tracked固定路径引用	no	yes	yes
artifacts/field_validation/stage6_place_2_20260803_184748/red_ring_roi/place_2_005.png	PNG image data, 302 x 302, 8-bit/color RGB, non-interlaced 	99193	28da3a3440c57d9b49ba9c215c0d216791013eef22c99245b9ee23bd23df3366	E	现场验证图片或JSON结果；无tracked固定路径引用	no	yes	yes
artifacts/field_validation/stage6_place_2_20260803_184748/red_ring_roi/place_2_006.png	PNG image data, 302 x 302, 8-bit/color RGB, non-interlaced 	99304	e9c0439d3b727e0bb5ce661319bd5e713062f44c3d4ef5a36f20387ee31fb71f	E	现场验证图片或JSON结果；无tracked固定路径引用	no	yes	yes
artifacts/field_validation/stage6_place_2_20260803_184748/red_ring_roi/place_2_007.png	PNG image data, 302 x 302, 8-bit/color RGB, non-interlaced 	99212	55a470b82e2d960ac6bdeb3cd98a888dc0ab608e85e37f6e5d37090438994ff9	E	现场验证图片或JSON结果；无tracked固定路径引用	no	yes	yes
artifacts/field_validation/stage6_place_2_20260803_184748/red_ring_roi/place_2_008.png	PNG image data, 302 x 302, 8-bit/color RGB, non-interlaced 	99470	5914970b6c3ebc0731eef20ea88d0edc45e13fbe0f807b9070e7382d2b69bc00	E	现场验证图片或JSON结果；无tracked固定路径引用	no	yes	yes
artifacts/field_validation/stage6_place_2_20260803_184748/red_ring_roi/place_2_009.png	PNG image data, 302 x 302, 8-bit/color RGB, non-interlaced 	98967	831b284f4f1d2cd5a7e77f68ffab4339ad2752cb767af900e0d1f6a694a83140	E	现场验证图片或JSON结果；无tracked固定路径引用	no	yes	yes
artifacts/field_validation/stage6_place_2_20260803_184748/red_ring_roi/place_2_010.png	PNG image data, 302 x 302, 8-bit/color RGB, non-interlaced 	99235	032a756240ff811ed0682f191fc56b45a60d617e9dbd286ba68bc984538038fa	E	现场验证图片或JSON结果；无tracked固定路径引用	no	yes	yes
artifacts/field_validation/stage6_place_2_20260803_184748/red_ring_roi/place_2_011.png	PNG image data, 302 x 302, 8-bit/color RGB, non-interlaced 	99657	60719d33652e06fbb25491174f77adec1c17c73be5c19586fa56716b4af8dbd8	E	现场验证图片或JSON结果；无tracked固定路径引用	no	yes	yes
artifacts/field_validation/stage6_place_2_20260803_184748/red_ring_roi/place_2_012.png	PNG image data, 302 x 302, 8-bit/color RGB, non-interlaced 	99237	6e9f773d0f5973cb7f4a28b1932b28cad01d68b4dea07d21f6c9d093e8b24a1b	E	现场验证图片或JSON结果；无tracked固定路径引用	no	yes	yes
artifacts/field_validation/stage6_place_2_20260803_184748/red_ring_roi/place_2_013.png	PNG image data, 302 x 302, 8-bit/color RGB, non-interlaced 	99614	36508468918fca4e5815607ab19643a2fc37b08f79330621d939c4aea8c1fc97	E	现场验证图片或JSON结果；无tracked固定路径引用	no	yes	yes
artifacts/field_validation/stage6_place_2_20260803_184748/red_ring_roi/place_2_014.png	PNG image data, 302 x 302, 8-bit/color RGB, non-interlaced 	99289	0f248eba41084f27c7420ae1726eb8a0908f39b65c6e92fd7ac925ccc999609e	E	现场验证图片或JSON结果；无tracked固定路径引用	no	yes	yes
artifacts/field_validation/stage6_place_2_20260803_184748/red_ring_roi/place_2_015.png	PNG image data, 302 x 302, 8-bit/color RGB, non-interlaced 	99917	e954d762943cd2aa05e1bb4db5a5184443ab3e79f332960c2d9cbb3cca681168	E	现场验证图片或JSON结果；无tracked固定路径引用	no	yes	yes
artifacts/field_validation/stage6_place_2_20260803_184748/red_ring_roi/place_2_016.png	PNG image data, 302 x 302, 8-bit/color RGB, non-interlaced 	99393	1ec7588d3f6b5f13bc75446c48e584fc93be7a87c960f2f4d322685c1f98b9f5	E	现场验证图片或JSON结果；无tracked固定路径引用	no	yes	yes
artifacts/field_validation/stage6_place_2_20260803_184748/red_ring_roi/place_2_017.png	PNG image data, 302 x 302, 8-bit/color RGB, non-interlaced 	99067	72edff5d5233dfe8e2a1ae639c03defabc459276a2782099aedf7ea8a75c9aec	E	现场验证图片或JSON结果；无tracked固定路径引用	no	yes	yes
artifacts/field_validation/stage6_place_2_20260803_184748/red_ring_roi/place_2_018.png	PNG image data, 302 x 302, 8-bit/color RGB, non-interlaced 	99271	4f5dd87fc12d942f48c56017918f7a3e7e9734de11995e27a81b80ca6d55acb4	E	现场验证图片或JSON结果；无tracked固定路径引用	no	yes	yes
artifacts/field_validation/stage6_place_2_20260803_184748/red_ring_roi/place_2_019.png	PNG image data, 302 x 302, 8-bit/color RGB, non-interlaced 	99580	702d8d7015492df906710b0da185a92c30eb47af7fec47ce1b025b1125ee6a88	E	现场验证图片或JSON结果；无tracked固定路径引用	no	yes	yes
artifacts/field_validation/stage6_place_2_20260803_184748/red_ring_roi/place_2_020.png	PNG image data, 302 x 302, 8-bit/color RGB, non-interlaced 	99416	61e693c95cdb220c88a39756f3a0e2a28c40af203910721acef34f8417df4070	E	现场验证图片或JSON结果；无tracked固定路径引用	no	yes	yes
artifacts/field_validation/stage6_place_2_20260803_184748/red_ring_roi/place_2_021.png	PNG image data, 302 x 302, 8-bit/color RGB, non-interlaced 	98609	15f88d83cb4eb8753ce853a566f6ec9c5cb14adef56d437e9e5ed24e85dddfb3	E	现场验证图片或JSON结果；无tracked固定路径引用	no	yes	yes
artifacts/field_validation/stage6_place_2_20260803_184748/red_ring_roi/place_2_022.png	PNG image data, 302 x 302, 8-bit/color RGB, non-interlaced 	98842	5a2b1f4791d93b96b32c58f967858252794f7d3929de9ad656b9bd52a809c71a	E	现场验证图片或JSON结果；无tracked固定路径引用	no	yes	yes
artifacts/field_validation/stage6_place_2_20260803_184748/red_ring_roi/place_2_023.png	PNG image data, 302 x 302, 8-bit/color RGB, non-interlaced 	98927	3ae2bab76ba4bf703bd477754ebe10a1b15fe3e0e672525070f2325691c22b77	E	现场验证图片或JSON结果；无tracked固定路径引用	no	yes	yes
artifacts/field_validation/stage6_place_2_20260803_184748/red_ring_roi/place_2_024.png	PNG image data, 302 x 302, 8-bit/color RGB, non-interlaced 	98953	eae8b55ded3a5c4013fb37d64f97a281fc1cc3c7137b1ad938fd10a6448cec7d	E	现场验证图片或JSON结果；无tracked固定路径引用	no	yes	yes
artifacts/field_validation/stage6_place_2_20260803_184748/red_ring_roi/place_2_025.png	PNG image data, 302 x 302, 8-bit/color RGB, non-interlaced 	99483	0188a07e28fb21526ea2b3038f09c664629a71bf3b6b52201422dd1a51178bdf	E	现场验证图片或JSON结果；无tracked固定路径引用	no	yes	yes
artifacts/field_validation/stage6_place_2_20260803_184748/red_ring_roi/place_2_026.png	PNG image data, 302 x 302, 8-bit/color RGB, non-interlaced 	98573	6f524802f0be6d6fd6f9e5192e10df952f86d1429adf04dd53bfb769c3a5249c	E	现场验证图片或JSON结果；无tracked固定路径引用	no	yes	yes
artifacts/field_validation/stage6_place_2_20260803_184748/red_ring_roi/place_2_027.png	PNG image data, 302 x 302, 8-bit/color RGB, non-interlaced 	99080	5f43b194136d28c1138e2e41b1273c1d42e20e777b568e6d290b8b220fca74fd	E	现场验证图片或JSON结果；无tracked固定路径引用	no	yes	yes
artifacts/field_validation/stage6_place_2_20260803_184748/red_ring_roi/place_2_028.png	PNG image data, 302 x 302, 8-bit/color RGB, non-interlaced 	99075	7c4c8bd3a196c69bb460ead5cfdf6d0f42616d21468be81d0a6a5da8b11274e8	E	现场验证图片或JSON结果；无tracked固定路径引用	no	yes	yes
artifacts/field_validation/stage6_place_2_20260803_184748/red_ring_roi/place_2_029.png	PNG image data, 302 x 302, 8-bit/color RGB, non-interlaced 	99493	1ad7ab8b6ffdf7b78356273da18122cc0e1aa46003658c12ce6b93838b69f09d	E	现场验证图片或JSON结果；无tracked固定路径引用	no	yes	yes
artifacts/field_validation/stage6_place_2_20260803_184748/red_ring_roi/place_2_030.png	PNG image data, 302 x 302, 8-bit/color RGB, non-interlaced 	99367	14ac4662d089d954560aa49416a010b186b443b8f6fce12caa641f4ab2791d45	E	现场验证图片或JSON结果；无tracked固定路径引用	no	yes	yes
artifacts/field_validation/stage6_place_2_20260803_184748/red_ring_roi/place_2_031.png	PNG image data, 302 x 302, 8-bit/color RGB, non-interlaced 	99658	b97822f74a6f731a94f4cdbf9924850302b5c3181db2af37652458fd546c8079	E	现场验证图片或JSON结果；无tracked固定路径引用	no	yes	yes
artifacts/field_validation/stage6_place_2_20260803_184748/red_ring_roi/place_2_032.png	PNG image data, 302 x 302, 8-bit/color RGB, non-interlaced 	99443	4e204c425cf79fc575309ad9b90de7043060155c7e22001e543885f4d6a02f28	E	现场验证图片或JSON结果；无tracked固定路径引用	no	yes	yes
artifacts/field_validation/stage6_place_2_20260803_184748/red_ring_roi/place_2_033.png	PNG image data, 302 x 302, 8-bit/color RGB, non-interlaced 	99522	b191d0fdab24909a358816bf42904ae0d9a5ff43e238db13a272508f208ba2d0	E	现场验证图片或JSON结果；无tracked固定路径引用	no	yes	yes
artifacts/field_validation/stage6_place_2_20260803_184748/red_ring_roi/place_2_034.png	PNG image data, 302 x 302, 8-bit/color RGB, non-interlaced 	98929	6c9eddad1099d6f3150719acd31e175ddfcc15fe6139d6f0c1b9a265d1bbce37	E	现场验证图片或JSON结果；无tracked固定路径引用	no	yes	yes
artifacts/field_validation/stage6_place_2_20260803_184748/red_ring_roi/place_2_035.png	PNG image data, 302 x 302, 8-bit/color RGB, non-interlaced 	99192	22ddf872dfda30a7665e9dbb4c38664e890667fd751947a2f59da656b48d6fe0	E	现场验证图片或JSON结果；无tracked固定路径引用	no	yes	yes
artifacts/field_validation/stage6_place_2_20260803_184748/red_ring_roi/place_2_036.png	PNG image data, 302 x 302, 8-bit/color RGB, non-interlaced 	98841	fa9fff5a547056b806d9c1179d227b01a450dd629a7a409e672126230df303dd	E	现场验证图片或JSON结果；无tracked固定路径引用	no	yes	yes
artifacts/field_validation/stage6_place_2_20260803_184748/red_ring_roi/place_2_037.png	PNG image data, 302 x 302, 8-bit/color RGB, non-interlaced 	99570	1b8308b61c22e91f2f92830a5db821c68f29cfe579195959f07dddbbb602f522	E	现场验证图片或JSON结果；无tracked固定路径引用	no	yes	yes
artifacts/field_validation/stage6_place_2_20260803_184748/red_ring_roi/place_2_038.png	PNG image data, 302 x 302, 8-bit/color RGB, non-interlaced 	99088	7c214c8521889ae05d10b8ef2f19c5e5d1187103062fe1f0de9b2efe491964c2	E	现场验证图片或JSON结果；无tracked固定路径引用	no	yes	yes
artifacts/field_validation/stage6_place_2_20260803_184748/red_ring_roi/place_2_039.png	PNG image data, 302 x 302, 8-bit/color RGB, non-interlaced 	99300	b8e6f22aa3ef0a4efd29d78494021465046955f93a167344d50c3c52ee9db200	E	现场验证图片或JSON结果；无tracked固定路径引用	no	yes	yes
artifacts/field_validation/stage6_place_2_20260803_184748/red_ring_roi/place_2_040.png	PNG image data, 302 x 302, 8-bit/color RGB, non-interlaced 	99639	ad274446d06bf4c0a5fb49d2c5f333380b2159e4fcdbe7267f86d456e46ecc7a	E	现场验证图片或JSON结果；无tracked固定路径引用	no	yes	yes
artifacts/field_validation/stage6_place_2_20260803_184748/representative_place_2.png	PNG image data, 960 x 540, 8-bit/color RGB, non-interlaced 	582725	3a336cc3a34579baaf78f0f2e4b11b8f80c38d23f700d74f855b7086a5f063fb	E	现场验证图片或JSON结果；无tracked固定路径引用	no	yes	yes
artifacts/field_validation/stage6_place_2_20260803_184748/template_calibration.json	JSON data 	186	5cf0eb5a3257af2073b7e99f03543e0a75370684f1d1d142b4af274b513dd5f6	E	现场验证图片或JSON结果；无tracked固定路径引用	no	yes	yes
artifacts/field_validation/stage7_normal_scene_20260803_185248/bridge.log	ASCII text 	426	e5770712daded200443369c442b042ea86ea58433d61b96d9a70d2866d4e0fce	G	现场验证运行日志；无tracked固定路径引用	no	yes	yes
artifacts/field_validation/stage7_normal_scene_20260803_185248/detector.log	ASCII text 	267	8755e8936d1bdfd59bc8a10ccbcb3b2da063bfae568fa25789052b1bcf8bfd59	G	现场验证运行日志；无tracked固定路径引用	no	yes	yes
artifacts/field_validation/stage7_normal_scene_20260803_185248/monitor_60s.json	JSON data 	991	9e51b47a399ccb327ae1e97920015841f5548cc8889ce1817519ef086c36f41d	E	现场验证图片或JSON结果；无tracked固定路径引用	no	yes	yes
artifacts/field_validation/stage8_first_blind_20260803_185543/blind_result.json	JSON data 	559	e64181dd58cccf458c076e4831758f0b0a2f729b8db3b728874ce097fa5e8e72	E	现场验证图片或JSON结果；无tracked固定路径引用	no	yes	yes
artifacts/field_validation/stage8_first_blind_20260803_185543/blind_test_screenshot.png	PNG image data, 960 x 540, 8-bit/color RGB, non-interlaced 	580569	0ff89e9d7d00e0ed7a06a7c468c4039a5682490ecf5ebe7b98b7c97d8820c688	E	现场验证图片或JSON结果；无tracked固定路径引用	no	yes	yes
artifacts/field_validation/stage8_first_blind_20260803_185543/bridge.log	ASCII text 	426	4343a31d65f6ab02d01409819e9f3f0785670f4abc7428af16a69ff22debdf48	G	现场验证运行日志；无tracked固定路径引用	no	yes	yes
artifacts/field_validation/stage8_first_blind_20260803_185543/detector.log	ASCII text 	267	797605ead29ca533e6265505910036968fab57ad2d7e8f074d88ae884eacf79e	G	现场验证运行日志；无tracked固定路径引用	no	yes	yes
artifacts/field_validation/stage8_first_blind_20260803_185543/verification.json	JSON data 	152	fab51278f5045f8219cfc85e5a8ca46244f6b6bc1f676c79f8f6027acdea7c4a	E	现场验证图片或JSON结果；无tracked固定路径引用	no	yes	yes
inspection_action_executor.yaml	ASCII text 	1040	31348611f600dd66462e09dce51c6c1991c6dc8dbcd4c5677a6228733d347d53	D	旧配置快照；正式配置已在rk_bringup且launch注入关键参数	no	yes	yes
maze_handoff_20260804/B2_1_FIRST_TURN_AUTONOMOUS_DRY_RUN.md	UTF-8 Unicode text 	11062	735fda7b4f2f8da84e7a455be409a3de3cee571f96447bbdaddd88547d548492	D	历史交接/状态文档；canonical tracked文档相同或更新	no	yes	yes
maze_handoff_20260804/HANDOFF_SUMMARY.md	UTF-8 Unicode text 	3067	b25a7e8c1af282b5eab45c0c578301f0108831509b8e41b2fa9b24ede812fce6	D	历史交接/状态文档；canonical tracked文档相同或更新	no	yes	yes
maze_handoff_20260804/MAZE_ACCEPTANCE_MATRIX.md	UTF-8 Unicode text, with very long lines 	4437	2986cb1a35764a063ff81ca21530b0ee08d48b97bd7fd744e0928c76331b3f5a	D	历史交接/状态文档；canonical tracked文档相同或更新	no	yes	yes
maze_handoff_20260804/MAZE_MASTER_PLAN.md	UTF-8 Unicode text 	4777	272dbc7861baa58963796aa05bb36a52004843ce081b90eb946f51cb0da57955	D	历史交接/状态文档；canonical tracked文档相同或更新	no	yes	yes
maze_handoff_20260804/MAZE_PROGRESS_TRACKER.md	UTF-8 Unicode text 	7218	93c3aeaa2042dccbacd6edc11f8604dab3a7f1189684b5f8b942b47853676e48	D	历史交接/状态文档；canonical tracked文档相同或更新	no	yes	yes
maze_handoff_20260804/MAZE_TEST_EVIDENCE_INDEX.md	UTF-8 Unicode text, with very long lines 	2931	00633fc7f7e6a5ccadf223ba1493e1e6953dfa35a9fd15f457c4c05ae57dbe00	D	历史交接/状态文档；canonical tracked文档相同或更新	no	yes	yes
maze_handoff_20260804/b2_1_a_round15_geometry_summary.json	JSON data 	6557	bfe47a0a6d92195e57dffaa244206bb249dc55d4df510d57b05a92ebfa4f6745	E	离线回放或bag元数据证据快照；含本机路径	no	yes	yes
maze_handoff_20260804/b2_1_a_round15_geometry_summary_v2.json	JSON data 	7734	733f688b01cd8f2d4d44baff8a44e659ab4654972014474b58ac2011c03607d6	E	离线回放或bag元数据证据快照；含本机路径	no	yes	yes
maze_handoff_20260804/b2_1_a_round15_geometry_summary_v3.json	JSON data 	3031	5781a8d0870be6969e70b1303c3638b7081118b565310b3db9c2073d327b5c15	E	离线回放或bag元数据证据快照；含本机路径	no	yes	yes
maze_handoff_20260804/bag_metadata/b2_1_a_static_empty_20260803_004235/metadata.yaml	ASCII text, with very long lines 	1822	a9a5f496e80de9ee8e7a242cedc73c4b77d91b9742089372f36f586e6b099d2c	E	离线回放或bag元数据证据快照；含本机路径	no	yes	yes
maze_handoff_20260804/bag_metadata/b2_1_a_static_maze_entry_20260803_011251/metadata.yaml	ASCII text 	347	c9c0519a1beccfe070b56eb91f5fc74afe5676d5f9fd3a63742c2dfcb9e6babe	E	离线回放或bag元数据证据快照；含本机路径	no	yes	yes
maze_handoff_20260804/bag_metadata/b2_1_a_static_maze_entry_20260803_011605/metadata.yaml	ASCII text 	732	abb18e8135fdf0d7fe37d96c52efe90128781df178fb9848435f99bc45038404	E	离线回放或bag元数据证据快照；含本机路径	no	yes	yes
maze_handoff_20260804/bag_metadata/b2_1_a_static_maze_entry_retry_20260803_170707/metadata.yaml	ASCII text, with very long lines 	1229	7aecb0587eab3eb6ff114bae2fa5d99c5ef213e1c3bb8cbe97ab491fadb61a12	E	离线回放或bag元数据证据快照；含本机路径	no	yes	yes
maze_handoff_20260804/maze_project_status.yaml	UTF-8 Unicode text 	4218	2e60840641067ffa17ff0910b639c0d82bb9412dd83be221965c8285d09eafaf	D	历史交接/状态文档；canonical tracked文档相同或更新	no	yes	yes
tools/go2_legacy_stair_cli/build/CMakeCache.txt	ASCII text 	13181	bf9b3cff95ae273df5fa81f734c5d40ff0e61496ba2dcc56ae7906ad21e77dcc	F	CMake/colcon构建或安装产物；源码不存在且无tracked引用	no	yes	yes
tools/go2_legacy_stair_cli/build/CMakeFiles/3.16.3/CMakeCXXCompiler.cmake	ASCII text, with very long lines 	5456	27a34d4f437feb6c7585f0043263ce37b44bf3fc5021a653fa6ec5189fdf481c	F	CMake/colcon构建或安装产物；源码不存在且无tracked引用	no	yes	yes
tools/go2_legacy_stair_cli/build/CMakeFiles/3.16.3/CMakeDetermineCompilerABI_CXX.bin	ELF 64-bit LSB shared object, ARM aarch64, version 1 (SYSV), dynamically linked, interpreter /lib/ld-linux-aarch64.so.1, BuildID[sha1]=8c94a258bb9b05e1b8627325e4ed8c545aefb6bf, for GNU/Linux 3.7.0, not stripped 	9296	c1cdf83cc9781c56f8cdf9b9f80208927702a63569698723c3952ab35142cb56	H	编译二进制/对象快照；源码不存在且无tracked引用	no	yes	yes
tools/go2_legacy_stair_cli/build/CMakeFiles/3.16.3/CMakeSystem.cmake	ASCII text 	392	34d72e62e0a5bd9715f575cffe9709e05950a17372f2d9e47d9914f9db8c5705	F	CMake/colcon构建或安装产物；源码不存在且无tracked引用	no	yes	yes
tools/go2_legacy_stair_cli/build/CMakeFiles/3.16.3/CompilerIdCXX/CMakeCXXCompilerId.cpp	C source, ASCII text 	20091	f14bde86890747b7f5f01e4ced595dfc637340ec091c288334d9b47f67264eb8	F	CMake/colcon构建或安装产物；源码不存在且无tracked引用	no	yes	yes
tools/go2_legacy_stair_cli/build/CMakeFiles/3.16.3/CompilerIdCXX/a.out	ELF 64-bit LSB shared object, ARM aarch64, version 1 (SYSV), dynamically linked, interpreter /lib/ld-linux-aarch64.so.1, BuildID[sha1]=7e7db9046aec93aa887ea531dcf816be0e1c5d22, for GNU/Linux 3.7.0, not stripped 	9472	f9b2a921368b327f0089f53f2b08afecf2982dfbee07304d478164d97c9e5d84	H	编译二进制/对象快照；源码不存在且无tracked引用	no	yes	yes
tools/go2_legacy_stair_cli/build/CMakeFiles/CMakeDirectoryInformation.cmake	ASCII text 	696	5d69fae883ad12c652f494dca75f8083c02eeac181417577f002d98618b2a689	F	CMake/colcon构建或安装产物；源码不存在且无tracked引用	no	yes	yes
tools/go2_legacy_stair_cli/build/CMakeFiles/CMakeOutput.log	C source, UTF-8 Unicode text, with very long lines 	22199	79b7db75a2d67c3a6c6c2fc2802149a306f868138c70a37ed582de9aed040f91	F	CMake/colcon构建或安装产物；源码不存在且无tracked引用	no	yes	yes
tools/go2_legacy_stair_cli/build/CMakeFiles/Makefile.cmake	ASCII text 	5448	e7d97ed4e9ad0e1c663a917a758d56c27f0e7367632ba96d723a6282afbdfb11	F	CMake/colcon构建或安装产物；源码不存在且无tracked引用	no	yes	yes
tools/go2_legacy_stair_cli/build/CMakeFiles/Makefile2	ReStructuredText file, ASCII text 	3651	6ad6c9dcbfffe8186a3383e39fd1b02268634e4177a4e947c6659eb52b169702	F	CMake/colcon构建或安装产物；源码不存在且无tracked引用	no	yes	yes
tools/go2_legacy_stair_cli/build/CMakeFiles/TargetDirectories.txt	ASCII text 	659	962202a027d738c52f9ad2d94c0d05bed3a8256feec895accb2f7fe5bd7731e9	F	CMake/colcon构建或安装产物；源码不存在且无tracked引用	no	yes	yes
tools/go2_legacy_stair_cli/build/CMakeFiles/cmake.check_cache	ASCII text 	85	a26189e394421da57f45706a07713c5720acd200a41711b0c0c590c3c63371c4	F	CMake/colcon构建或安装产物；源码不存在且无tracked引用	no	yes	yes
tools/go2_legacy_stair_cli/build/CMakeFiles/go2_legacy_stair_cli.dir/CXX.includecache	ASCII text 	394	3ced5def6a7131485a988e3d5152989c894a3525763d3705a06ed0036dd61ceb	F	CMake/colcon构建或安装产物；源码不存在且无tracked引用	no	yes	yes
tools/go2_legacy_stair_cli/build/CMakeFiles/go2_legacy_stair_cli.dir/DependInfo.cmake	ASCII text 	745	fa1cf6bfb245ecac7b184848ef74c106138456c8e6f797bc3c096b247f43f61a	F	CMake/colcon构建或安装产物；源码不存在且无tracked引用	no	yes	yes
tools/go2_legacy_stair_cli/build/CMakeFiles/go2_legacy_stair_cli.dir/build.make	ReStructuredText file, ASCII text, with very long lines 	5185	42329aa21dbc34c568870321c42bef853a6b62910322f9a46c5bdf5839503356	F	CMake/colcon构建或安装产物；源码不存在且无tracked引用	no	yes	yes
tools/go2_legacy_stair_cli/build/CMakeFiles/go2_legacy_stair_cli.dir/cmake_clean.cmake	ASCII text 	310	d96203aab9fbbdf303244309488ba1a61c6f49a722e4980076c20661df59514e	F	CMake/colcon构建或安装产物；源码不存在且无tracked引用	no	yes	yes
tools/go2_legacy_stair_cli/build/CMakeFiles/go2_legacy_stair_cli.dir/depend.internal	ASCII text 	247	bbbec440bad7c2b1031d55a4882dfdb14ba37220a057dcdc1796e697eb1d9c41	F	CMake/colcon构建或安装产物；源码不存在且无tracked引用	no	yes	yes
tools/go2_legacy_stair_cli/build/CMakeFiles/go2_legacy_stair_cli.dir/depend.make	ASCII text 	193	a16cea9ac9ae6006068fb6ed71d02357542773ea233ed07ea2e99119f595f4f2	F	CMake/colcon构建或安装产物；源码不存在且无tracked引用	no	yes	yes
tools/go2_legacy_stair_cli/build/CMakeFiles/go2_legacy_stair_cli.dir/flags.make	ASCII text 	270	3a8c2e45f7009e598e9c20e9771ac5d966365700f631b14a4ffa16d9cbaaec08	F	CMake/colcon构建或安装产物；源码不存在且无tracked引用	no	yes	yes
tools/go2_legacy_stair_cli/build/CMakeFiles/go2_legacy_stair_cli.dir/go2_legacy_stair_cli.cpp.o	ELF 64-bit LSB relocatable, ARM aarch64, version 1 (GNU/Linux), not stripped 	38696	74e9ef693e1ffb38f587d0521c7515244468387c556db55ab923441a53fe06a7	H	编译二进制/对象快照；源码不存在且无tracked引用	no	yes	yes
tools/go2_legacy_stair_cli/build/CMakeFiles/go2_legacy_stair_cli.dir/link.txt	ASCII text, with very long lines 	454	e1d691bae67f53430e8fe7938ef77638bf02e22f6bc6025f7e928460dcfc018f	F	CMake/colcon构建或安装产物；源码不存在且无tracked引用	no	yes	yes
tools/go2_legacy_stair_cli/build/CMakeFiles/go2_legacy_stair_cli.dir/progress.make	ASCII text 	43	c06e644090b09d41eaddf59d10bcf03c6db6499eb51fa0d03e5128e5a165cc3c	F	CMake/colcon构建或安装产物；源码不存在且无tracked引用	no	yes	yes
tools/go2_legacy_stair_cli/build/CMakeFiles/progress.marks	ASCII text 	2	53c234e5e8472b6ac51c1ae1cab3fe06fad053beb8ebfd8977b010655bfdd3c3	F	CMake/colcon构建或安装产物；源码不存在且无tracked引用	no	yes	yes
tools/go2_legacy_stair_cli/build/Makefile	makefile script, ASCII text 	7427	807df7d459a0076ccaf8d4e68f47d91066fea3ee05b294ca091c2d83f68541a0	F	CMake/colcon构建或安装产物；源码不存在且无tracked引用	no	yes	yes
tools/go2_legacy_stair_cli/build/build/.built_by	ASCII text 	7	d16cd6e1ca1feefc1e7897d9357700f5f509e530b5b76b031c635e02eccdca12	F	CMake/colcon构建或安装产物；源码不存在且无tracked引用	no	yes	yes
tools/go2_legacy_stair_cli/build/build/COLCON_IGNORE	empty 	0	e3b0c44298fc1c149afbf4c8996fb92427ae41e4649b934ca495991b7852b855	F	CMake/colcon构建或安装产物；源码不存在且无tracked引用	no	yes	yes
tools/go2_legacy_stair_cli/build/cmake_install.cmake	ASCII text 	2851	9de72ac4fddf0b06f5e44bf1120414bdce5f4e75c68f7c87a82b65481e523eae	F	CMake/colcon构建或安装产物；源码不存在且无tracked引用	no	yes	yes
tools/go2_legacy_stair_cli/build/go2_legacy_stair_cli	ELF 64-bit LSB shared object, ARM aarch64, version 1 (GNU/Linux), dynamically linked, interpreter /lib/ld-linux-aarch64.so.1, BuildID[sha1]=1131025fa50eff4c21715c79d0f66dee3a836b41, for GNU/Linux 3.7.0, not stripped 	3589856	af7654d35ee63b92a1b24d7ed10cc6598562822bcdbc0116be749ccec00ede2c	H	编译二进制/对象快照；源码不存在且无tracked引用	no	yes	yes
tools/go2_legacy_stair_cli/build/install/.colcon_install_layout	ASCII text 	9	9b8d77949b6e468746790cc1ada9432ca9984c51533a086544c8d0c01f18cc66	F	CMake/colcon构建或安装产物；源码不存在且无tracked引用	no	yes	yes
tools/go2_legacy_stair_cli/build/install/COLCON_IGNORE	empty 	0	e3b0c44298fc1c149afbf4c8996fb92427ae41e4649b934ca495991b7852b855	F	CMake/colcon构建或安装产物；源码不存在且无tracked引用	no	yes	yes
tools/go2_legacy_stair_cli/build/install/_local_setup_util_ps1.py	Python script, ASCII text executable 	14818	6bd62f5634832008b01eb0ccf38600512b7ee47c735ca53af22f92319f7e5a60	F	CMake/colcon构建或安装产物；源码不存在且无tracked引用	no	yes	yes
tools/go2_legacy_stair_cli/build/install/_local_setup_util_sh.py	Python script, ASCII text executable 	14872	3f6e8b7fae1039cdc824678256f56160cb425ac6fd4e17e441b98d5cefab9f57	F	CMake/colcon构建或安装产物；源码不存在且无tracked引用	no	yes	yes
tools/go2_legacy_stair_cli/build/install/local_setup.bash	ASCII text 	3760	0e10d666bbf43cf559467b11b75cf6d26cf8d210e7f94e79dfe5a7dddb2fe91c	F	CMake/colcon构建或安装产物；源码不存在且无tracked引用	no	yes	yes
tools/go2_legacy_stair_cli/build/install/local_setup.ps1	ASCII text 	2045	79cfdc40aa006498cb2a008f05efe6563f311dcc1ab5b1c385c9c84f128feacb	F	CMake/colcon构建或安装产物；源码不存在且无tracked引用	no	yes	yes
tools/go2_legacy_stair_cli/build/install/local_setup.sh	ASCII text 	4375	94e72af552baf3161d517cae39dc8c8b44fa446a2c29f648880b5c5da6930198	F	CMake/colcon构建或安装产物；源码不存在且无tracked引用	no	yes	yes
tools/go2_legacy_stair_cli/build/install/local_setup.zsh	ASCII text 	4155	5fc7b5cfa0b484f14c21854fdcbb31653d831dc235e214b8ed88a63f6d2c4c02	F	CMake/colcon构建或安装产物；源码不存在且无tracked引用	no	yes	yes
tools/go2_legacy_stair_cli/build/install/setup.bash	ASCII text 	1367	4c375257c0efbb001f6e303d5b3e762875a19bc19dc6779f93bd30ba598e481a	F	CMake/colcon构建或安装产物；源码不存在且无tracked引用	no	yes	yes
tools/go2_legacy_stair_cli/build/install/setup.ps1	ASCII text 	1267	7ce526fc983418ce9dc10f134ebc9637cd609b83179757a520de4e47cea2c757	F	CMake/colcon构建或安装产物；源码不存在且无tracked引用	no	yes	yes
tools/go2_legacy_stair_cli/build/install/setup.sh	ASCII text 	2182	4673eeabc9bcbda7bef37cfff37bc3ed36d6c83453d3f0b78df2da8be422329a	F	CMake/colcon构建或安装产物；源码不存在且无tracked引用	no	yes	yes
tools/go2_legacy_stair_cli/build/install/setup.zsh	ASCII text 	1353	42122d8203c9baeb4b2e7317faaaf6f654933937526041a55651a5c9ef13ddd9	F	CMake/colcon构建或安装产物；源码不存在且无tracked引用	no	yes	yes
tools/go2_legacy_stair_cli/build/log/COLCON_IGNORE	empty 	0	e3b0c44298fc1c149afbf4c8996fb92427ae41e4649b934ca495991b7852b855	G	colcon运行日志或临时状态；无运行引用	no	yes	yes
tools/go2_legacy_stair_cli/build/log/build_2026-08-03_17-13-30/events.log	ASCII text 	70	34d4b533d90d4993d98b281cec97ec13a22e1257db0b417b49ed6962b24f8065	G	colcon运行日志或临时状态；无运行引用	no	yes	yes
tools/go2_legacy_stair_cli/build/log/build_2026-08-03_17-13-30/logger_all.log	ASCII text, with very long lines 	18653	aad3bfc8ddaacacb20c1eaad0f32ee1a6d6ddd688f94219c25237624f3fe9f16	G	colcon运行日志或临时状态；无运行引用	no	yes	yes
tools/go2_legacy_stair_cli/build/log/build_2026-08-03_17-13-41/events.log	ASCII text 	70	fc04f22dccbc6898fd2d0bb705681c5c9ab855142dc8c21f4d0d829bdf96bb24	G	colcon运行日志或临时状态；无运行引用	no	yes	yes
tools/go2_legacy_stair_cli/build/log/build_2026-08-03_17-13-41/logger_all.log	ASCII text, with very long lines 	18653	e8e767bcee8b25d3d6155275e9d54d1c0551586073d69ce4a19e500dd1a577e9	G	colcon运行日志或临时状态；无运行引用	no	yes	yes
tools/go2_legacy_stair_cli/build/log/latest	symbolic link -> latest_list	11	latest_list	H	colcon日志符号链接快照；无运行引用	no	yes	yes
tools/go2_legacy_stair_cli/build/log/latest_build	symbolic link -> build_2026-08-03_17-13-41	25	build_2026-08-03_17-13-41	H	colcon日志符号链接快照；无运行引用	no	yes	yes
tools/go2_legacy_stair_cli/build/log/latest_list	symbolic link -> list_2026-08-03_17-13-49	24	list_2026-08-03_17-13-49	H	colcon日志符号链接快照；无运行引用	no	yes	yes
tools/go2_legacy_stair_cli/build/log/list_2026-08-03_17-13-47/logger_all.log	ASCII text, with very long lines 	15559	afc0fd0729af33f608f84ca635bf1153c2250dd505fed5f5c8d8101b21c8418e	G	colcon运行日志或临时状态；无运行引用	no	yes	yes
tools/go2_legacy_stair_cli/build/log/list_2026-08-03_17-13-49/logger_all.log	ASCII text, with very long lines 	15559	2357007d5a323a110eb886ac0deb5b0a47a75fae53140b8110f112a4c864c6f0	G	colcon运行日志或临时状态；无运行引用	no	yes	yes
